Gender,Home Location,Level of Education,Age(Years),Number of Subjects,Device type used to attend classes,Economic status,Family size,Internet facility in your locality,Are you involved in any sports?,Do elderly people monitor you?,Study time (Hours),Sleep time (Hours),Time spent on social media (Hours),Interested in Gaming?,Have separate room for studying?,Engaged in group studies?,Average marks scored before pandemic in traditional classroom,Your interaction in online mode,Clearing doubts with faculties in online mode,Interested in?,Performance in online,Your level of satisfaction in Online Education
1.0,1.0,2.0,18,11,1.0,0.0,4,5,0.0,1.0,3,6,1,0.0,0.0,0.0,9.0,1,1,1.0,6,0
1.0,1.0,2.0,19,7,1.0,0.0,4,1,1.0,1.0,7,5,1,1.0,1.0,0.0,9.0,1,1,2.0,3,1
1.0,0.0,2.0,18,5,1.0,0.0,5,2,0.0,1.0,6,7,1,0.0,1.0,0.0,7.0,1,1,0.0,6,1
1.0,1.0,2.0,18,5,1.0,0.0,4,4,1.0,1.0,3,6,2,0.0,0.0,1.0,9.0,1,2,2.0,4,1
1.0,0.0,2.0,18,5,1.0,0.0,4,3,0.0,0.0,8,7,2,1.0,1.0,1.0,8.0,3,3,0.0,6,0
1.0,1.0,2.0,18,5,1.0,0.0,4,4,1.0,1.0,3,6,2,0.0,0.0,1.0,9.0,1,1,2.0,2,1
1.0,1.0,2.0,19,5,1.0,0.0,5,5,0.0,0.0,2,6,3,1.0,1.0,1.0,8.0,4,3,0.0,6,0
1.0,1.0,2.0,17,4,1.0,0.0,4,4,1.0,1.0,4,8,6,0.0,1.0,0.0,6.0,3,3,1.0,6,0
0.0,1.0,2.0,19,5,1.0,0.0,4,4,0.0,1.0,6,6,2,0.0,1.0,1.0,8.0,4,1,0.0,9,1
0.0,0.0,2.0,20,9,1.0,0.0,4,3,0.0,1.0,4,7,2,0.0,0.0,0.0,8.0,3,2,2.0,6,0
0.0,1.0,2.0,18,4,0.0,0.0,3,5,0.0,0.0,5,6,3,1.0,1.0,0.0,8.0,2,1,1.0,9,0
1.0,0.0,0.0,25,5,2.0,0.0,2,3,0.0,1.0,3,7,1,1.0,1.0,1.0,7.0,3,3,1.0,7,0
1.0,1.0,2.0,20,7,1.0,0.0,4,4,1.0,0.0,7,5,1,1.0,1.0,1.0,8.0,4,4,0.0,6,0
1.0,1.0,2.0,17,5,1.0,0.0,4,4,1.0,1.0,2,6,2,1.0,0.0,1.0,8.0,3,2,1.0,5,0
1.0,1.0,1.0,21,5,1.0,0.0,5,4,1.0,1.0,5,7,2,1.0,0.0,0.0,8.0,3,3,0.0,6,0
1.0,1.0,1.0,20,5,0.0,0.0,4,3,1.0,1.0,5,6,5,1.0,1.0,1.0,9.0,2,2,0.0,5,1
0.0,1.0,0.0,20,9,1.0,0.0,4,4,0.0,1.0,8,5,2,0.0,0.0,0.0,3.0,2,2,1.0,6,0
1.0,0.0,0.0,23,5,0.0,0.0,6,3,0.0,0.0,5,7,2,1.0,1.0,0.0,8.0,2,2,0.0,6,1
0.0,1.0,1.0,18,4,0.0,0.0,4,4,0.0,1.0,7,7,2,0.0,1.0,1.0,8.0,2,2,2.0,7,0
0.0,1.0,2.0,19,6,1.0,0.0,4,5,0.0,1.0,5,7,4,0.0,1.0,0.0,8.0,3,2,2.0,6,0
1.0,1.0,0.0,24,20,1.0,1.0,6,3,0.0,0.0,8,8,2,0.0,0.0,0.0,8.0,2,3,1.0,4,1
0.0,1.0,0.0,22,8,2.0,0.0,4,4,0.0,0.0,2,8,2,1.0,1.0,1.0,8.0,3,3,0.0,10,2
0.0,1.0,1.0,19,5,2.0,0.0,5,5,0.0,1.0,6,7,2,0.0,1.0,1.0,6.0,3,3,0.0,7,0
0.0,1.0,0.0,24,8,1.0,0.0,4,3,0.0,1.0,7,6,2,1.0,0.0,0.0,8.0,3,3,0.0,5,0
0.0,1.0,2.0,18,6,1.0,0.0,4,5,0.0,0.0,4,5,5,0.0,1.0,1.0,9.0,3,3,2.0,6,0
0.0,0.0,0.0,21,9,2.0,0.0,4,3,0.0,0.0,7,8,4,1.0,1.0,0.0,8.0,3,2,0.0,8,2
0.0,1.0,2.0,19,7,2.0,0.0,4,4,0.0,0.0,6,8,3,0.0,0.0,0.0,7.0,3,3,2.0,7,0
1.0,0.0,2.0,21,8,2.0,1.0,4,3,0.0,0.0,1,7,5,1.0,0.0,0.0,4.0,3,1,2.0,6,0
1.0,1.0,2.0,20,7,1.0,0.0,4,4,1.0,0.0,3,7,4,1.0,1.0,0.0,8.0,4,3,0.0,8,0
0.0,1.0,2.0,17,5,1.0,0.0,3,3,0.0,1.0,5,6,3,0.0,0.0,1.0,9.0,3,3,1.0,6,0
1.0,1.0,2.0,22,4,1.0,0.0,4,5,1.0,1.0,6,7,3,1.0,1.0,1.0,6.0,5,5,0.0,10,2
0.0,1.0,1.0,18,3,0.0,0.0,5,5,1.0,1.0,6,8,2,0.0,1.0,0.0,8.0,3,3,2.0,8,0
1.0,1.0,0.0,21,6,1.0,0.0,5,3,1.0,0.0,4,6,1,0.0,0.0,0.0,7.0,3,2,0.0,5,0
1.0,1.0,2.0,19,7,1.0,0.0,4,4,1.0,0.0,5,7,1,0.0,1.0,1.0,9.0,5,5,0.0,6,2
1.0,1.0,2.0,18,8,1.0,0.0,3,4,1.0,1.0,4,5,2,0.0,1.0,0.0,8.0,3,3,1.0,8,0
1.0,0.0,0.0,20,8,2.0,0.0,4,3,0.0,1.0,4,7,1,0.0,0.0,1.0,2.0,4,4,1.0,8,2
1.0,1.0,2.0,18,5,1.0,0.0,3,5,1.0,0.0,8,7,1,1.0,1.0,0.0,8.0,5,5,1.0,9,2
1.0,1.0,2.0,18,6,1.0,0.0,4,3,0.0,1.0,3,7,1,0.0,0.0,0.0,7.0,4,4,1.0,8,0
1.0,0.0,0.0,21,8,2.0,0.0,7,3,0.0,0.0,2,7,8,1.0,0.0,1.0,7.0,2,1,1.0,6,1
0.0,0.0,2.0,17,6,1.0,0.0,4,4,0.0,0.0,7,9,3,0.0,1.0,0.0,8.0,4,3,0.0,9,2
0.0,1.0,0.0,26,2,1.0,0.0,4,4,0.0,0.0,1,6,1,1.0,0.0,0.0,8.0,3,2,1.0,7,0
0.0,1.0,1.0,19,5,1.0,0.0,3,4,0.0,1.0,4,6,4,0.0,1.0,0.0,7.0,2,1,2.0,4,1
1.0,1.0,0.0,21,6,2.0,0.0,4,3,0.0,1.0,3,7,3,1.0,1.0,1.0,1.0,4,2,0.0,4,2
0.0,1.0,2.0,19,5,1.0,0.0,6,4,0.0,1.0,7,6,1,0.0,1.0,1.0,8.0,3,3,1.0,6,0
1.0,1.0,2.0,18,5,1.0,0.0,5,2,1.0,1.0,4,2,3,0.0,1.0,0.0,8.0,2,1,1.0,8,1
1.0,1.0,2.0,21,7,2.0,0.0,4,3,0.0,0.0,3,8,3,1.0,1.0,1.0,7.0,2,2,1.0,8,0
0.0,1.0,0.0,21,7,2.0,0.0,5,3,0.0,0.0,3,5,3,1.0,1.0,0.0,7.0,2,3,2.0,6,0
0.0,1.0,2.0,21,9,1.0,0.0,5,3,0.0,0.0,4,10,3,0.0,1.0,0.0,4.0,2,3,2.0,6,2
1.0,1.0,0.0,21,6,0.0,0.0,5,2,0.0,1.0,3,6,3,1.0,1.0,0.0,8.0,3,2,1.0,6,0
1.0,0.0,0.0,21,8,2.0,0.0,5,1,0.0,0.0,6,8,3,1.0,1.0,1.0,3.0,3,1,1.0,4,1
0.0,1.0,1.0,9,6,2.0,0.0,5,5,0.0,0.0,1,8,10,1.0,1.0,0.0,8.0,2,1,1.0,3,1
1.0,0.0,0.0,19,7,2.0,0.0,4,3,0.0,0.0,1,7,3,0.0,0.0,0.0,7.0,3,3,1.0,7,0
1.0,1.0,2.0,18,7,0.0,0.0,4,4,1.0,1.0,2,7,1,0.0,0.0,0.0,9.0,5,4,0.0,8,2
0.0,1.0,0.0,23,17,1.0,0.0,6,4,0.0,1.0,5,8,2,0.0,1.0,0.0,7.0,4,2,1.0,5,1
1.0,1.0,0.0,21,8,2.0,0.0,4,4,1.0,0.0,6,8,6,1.0,1.0,1.0,6.0,3,3,2.0,7,0
0.0,0.0,0.0,21,8,2.0,0.0,4,4,0.0,1.0,4,3,5,0.0,1.0,1.0,3.0,2,2,2.0,6,2
1.0,0.0,0.0,20,20,2.0,0.0,4,4,0.0,0.0,2,7,3,1.0,1.0,1.0,7.0,5,4,2.0,8,2
1.0,1.0,0.0,20,8,1.0,0.0,4,3,1.0,0.0,5,7,2,1.0,0.0,1.0,6.0,2,2,1.0,6,0
1.0,0.0,2.0,20,9,2.0,0.0,5,4,1.0,1.0,5,6,1,0.0,0.0,0.0,5.0,2,2,0.0,6,0
0.0,1.0,0.0,22,7,2.0,0.0,5,1,0.0,1.0,4,8,4,1.0,1.0,0.0,7.0,4,4,1.0,8,2
0.0,1.0,2.0,20,7,1.0,0.0,5,4,0.0,0.0,4,6,4,0.0,0.0,1.0,8.0,2,3,2.0,7,0
0.0,0.0,0.0,24,15,1.0,0.0,5,3,0.0,1.0,4,6,3,0.0,0.0,0.0,6.0,3,3,1.0,8,1
0.0,0.0,0.0,21,7,2.0,0.0,5,4,0.0,0.0,5,7,2,0.0,1.0,1.0,7.0,4,4,1.0,8,2
0.0,0.0,2.0,19,6,2.0,0.0,4,4,0.0,1.0,3,7,2,1.0,1.0,0.0,8.0,4,4,1.0,6,2
0.0,0.0,2.0,18,6,1.0,0.0,4,3,0.0,1.0,5,10,4,1.0,0.0,0.0,5.0,3,2,1.0,10,2
0.0,0.0,2.0,18,4,2.0,0.0,4,3,0.0,1.0,5,6,3,1.0,1.0,1.0,6.0,2,2,2.0,10,2
0.0,1.0,2.0,18,6,1.0,0.0,5,4,0.0,1.0,8,6,2,1.0,1.0,1.0,7.0,4,4,2.0,8,0
0.0,1.0,2.0,20,5,2.0,0.0,4,3,0.0,1.0,2,9,2,0.0,1.0,1.0,7.0,5,3,2.0,9,2
1.0,1.0,2.0,19,7,2.0,0.0,4,4,1.0,1.0,6,8,4,1.0,1.0,1.0,6.0,4,4,0.0,8,0
1.0,1.0,0.0,9,3,2.0,0.0,5,3,1.0,1.0,4,9,10,0.0,0.0,1.0,9.0,3,3,1.0,6,0
0.0,1.0,2.0,19,9,1.0,0.0,4,4,0.0,0.0,4,7,3,0.0,1.0,1.0,6.0,4,4,0.0,10,2
0.0,0.0,2.0,18,5,2.0,0.0,5,2,1.0,0.0,3,7,1,0.0,0.0,0.0,7.0,2,1,1.0,2,1
0.0,1.0,2.0,19,6,2.0,0.0,6,3,0.0,1.0,5,6,3,1.0,0.0,1.0,6.0,3,3,1.0,6,0
1.0,1.0,0.0,21,8,2.0,0.0,5,5,1.0,0.0,2,8,3,1.0,1.0,1.0,6.0,4,4,2.0,8,0
0.0,1.0,0.0,22,9,2.0,0.0,6,3,1.0,1.0,5,7,2,0.0,0.0,0.0,7.0,4,3,1.0,7,2
0.0,1.0,0.0,21,7,2.0,0.0,4,1,0.0,0.0,5,10,8,0.0,1.0,1.0,6.0,5,3,2.0,6,0
0.0,0.0,2.0,19,6,2.0,1.0,6,3,0.0,0.0,4,6,2,1.0,0.0,1.0,6.0,4,5,1.0,10,2
1.0,1.0,0.0,23,6,1.0,0.0,4,5,0.0,0.0,6,8,1,1.0,1.0,1.0,7.0,3,3,0.0,6,0
1.0,0.0,2.0,21,9,1.0,0.0,5,3,1.0,1.0,6,8,3,0.0,0.0,0.0,5.0,4,4,1.0,6,0
0.0,1.0,2.0,20,9,2.0,0.0,5,3,0.0,0.0,2,7,1,0.0,0.0,1.0,7.0,4,4,2.0,7,1
1.0,1.0,2.0,18,6,1.0,0.0,4,4,0.0,0.0,2,5,1,0.0,0.0,0.0,7.0,3,3,0.0,6,0
0.0,1.0,0.0,20,6,2.0,0.0,5,2,0.0,1.0,5,9,5,1.0,0.0,1.0,2.0,2,2,1.0,10,2
1.0,0.0,2.0,20,8,1.0,0.0,7,5,0.0,0.0,6,7,2,0.0,1.0,0.0,7.0,4,4,2.0,7,0
0.0,0.0,2.0,18,6,2.0,0.0,7,3,0.0,0.0,10,10,10,1.0,1.0,1.0,8.0,3,3,2.0,10,2
0.0,0.0,2.0,20,5,2.0,0.0,5,5,0.0,1.0,9,10,6,1.0,1.0,1.0,5.0,5,5,2.0,10,0
0.0,1.0,0.0,25,5,1.0,0.0,7,4,0.0,1.0,4,5,1,0.0,0.0,1.0,7.0,3,4,1.0,7,0
0.0,1.0,2.0,19,8,2.0,0.0,5,3,1.0,1.0,1,10,10,0.0,0.0,0.0,5.0,3,4,1.0,6,0
0.0,1.0,2.0,18,6,2.0,0.0,4,3,1.0,1.0,6,7,5,1.0,0.0,1.0,7.0,3,3,1.0,5,0
0.0,0.0,2.0,19,5,2.0,0.0,3,4,0.0,1.0,4,7,5,1.0,0.0,0.0,5.0,3,3,2.0,8,2
1.0,0.0,0.0,23,5,2.0,0.0,6,3,0.0,0.0,2,8,1,1.0,0.0,1.0,6.0,4,2,1.0,7,0
0.0,0.0,2.0,18,5,2.0,0.0,3,5,1.0,0.0,6,7,2,1.0,0.0,1.0,5.0,5,5,1.0,9,2
1.0,1.0,2.0,19,5,1.0,0.0,4,4,0.0,1.0,5,7,2,1.0,0.0,1.0,7.0,4,3,0.0,9,0
0.0,0.0,2.0,18,6,2.0,0.0,5,2,0.0,1.0,5,6,2,1.0,0.0,0.0,7.0,5,5,2.0,10,2
0.0,1.0,2.0,20,5,2.0,0.0,4,3,1.0,1.0,2,7,3,1.0,0.0,0.0,4.0,3,2,1.0,6,0
0.0,1.0,0.0,22,9,1.0,0.0,4,3,0.0,1.0,6,7,1,0.0,1.0,0.0,8.0,3,3,2.0,7,0
1.0,1.0,2.0,19,6,1.0,0.0,3,4,0.0,1.0,6,7,3,1.0,0.0,0.0,8.0,3,3,0.0,6,0
1.0,1.0,2.0,18,4,1.0,0.0,4,3,1.0,0.0,1,4,5,1.0,0.0,1.0,3.0,1,1,0.0,2,1
1.0,0.0,0.0,21,7,2.0,0.0,4,3,0.0,0.0,7,6,2,1.0,0.0,0.0,7.0,4,3,1.0,8,0
0.0,0.0,2.0,20,7,2.0,0.0,5,3,0.0,1.0,4,8,3,1.0,0.0,0.0,7.0,5,5,0.0,8,0
1.0,1.0,1.0,18,5,1.0,0.0,6,3,1.0,0.0,2,8,1,1.0,1.0,0.0,9.0,3,2,1.0,7,2
1.0,0.0,2.0,18,5,1.0,0.0,4,3,1.0,1.0,1,6,3,1.0,1.0,0.0,9.0,1,1,1.0,2,1
0.0,0.0,2.0,20,6,2.0,0.0,4,2,0.0,0.0,2,7,2,1.0,0.0,0.0,5.0,2,4,1.0,10,2
0.0,0.0,2.0,19,9,2.0,0.0,6,1,1.0,0.0,3,6,2,1.0,0.0,0.0,7.0,1,1,1.0,5,0
0.0,1.0,2.0,18,4,2.0,0.0,3,4,0.0,0.0,5,7,1,0.0,1.0,0.0,5.0,4,4,2.0,9,2
0.0,1.0,2.0,19,7,2.0,0.0,4,3,0.0,0.0,1,6,7,0.0,0.0,0.0,8.0,2,3,0.0,4,1
1.0,1.0,2.0,19,5,1.0,0.0,4,5,0.0,0.0,4,7,5,0.0,0.0,0.0,7.0,2,2,1.0,4,1
1.0,0.0,0.0,18,20,1.0,0.0,4,3,0.0,1.0,4,10,6,1.0,0.0,0.0,6.0,3,4,0.0,6,0
1.0,1.0,2.0,20,8,1.0,0.0,4,4,0.0,1.0,5,8,3,1.0,1.0,1.0,8.0,3,3,2.0,8,0
0.0,1.0,2.0,18,6,1.0,0.0,5,4,0.0,1.0,5,7,9,1.0,1.0,1.0,9.0,1,2,1.0,6,1
1.0,1.0,2.0,19,7,1.0,0.0,3,3,0.0,0.0,3,6,2,1.0,1.0,0.0,6.0,1,1,1.0,2,1
0.0,1.0,0.0,19,7,1.0,0.0,5,4,1.0,1.0,5,8,3,0.0,1.0,0.0,2.0,3,3,1.0,7,0
1.0,1.0,2.0,19,7,0.0,0.0,4,4,1.0,0.0,3,5,2,1.0,0.0,1.0,8.0,3,4,0.0,8,0
1.0,1.0,2.0,18,8,1.0,0.0,4,3,0.0,1.0,6,7,2,0.0,0.0,0.0,9.0,3,2,1.0,7,1
1.0,1.0,2.0,19,8,1.0,0.0,4,3,0.0,0.0,10,6,2,1.0,0.0,0.0,7.0,1,1,2.0,2,1
1.0,0.0,2.0,19,7,2.0,0.0,5,3,1.0,0.0,4,8,3,1.0,1.0,0.0,6.0,3,2,0.0,6,0
1.0,1.0,2.0,19,7,2.0,0.0,4,4,0.0,0.0,1,9,2,0.0,1.0,0.0,7.0,1,2,1.0,3,0
1.0,1.0,1.0,19,7,1.0,0.0,4,3,0.0,0.0,3,4,1,1.0,1.0,0.0,8.0,3,2,0.0,6,0
1.0,1.0,2.0,18,8,1.0,0.0,6,4,0.0,1.0,5,7,3,0.0,0.0,1.0,7.0,3,3,2.0,7,0
1.0,1.0,2.0,19,6,1.0,0.0,4,3,0.0,1.0,3,7,2,1.0,1.0,0.0,7.0,4,4,2.0,8,2
1.0,0.0,2.0,20,8,2.0,0.0,4,2,0.0,1.0,3,8,2,1.0,0.0,1.0,8.0,2,3,0.0,7,1
1.0,0.0,2.0,19,7,1.0,0.0,5,4,0.0,1.0,8,6,1,1.0,0.0,1.0,8.0,1,4,1.0,8,1
0.0,0.0,2.0,18,8,1.0,0.0,4,4,0.0,1.0,7,6,1,0.0,1.0,0.0,8.0,3,3,2.0,6,0
1.0,1.0,0.0,20,6,1.0,0.0,6,2,1.0,1.0,5,8,3,0.0,1.0,1.0,8.0,3,2,0.0,5,0
0.0,1.0,2.0,18,7,1.0,0.0,4,5,0.0,1.0,6,7,1,1.0,1.0,0.0,9.0,3,3,1.0,7,2
1.0,0.0,2.0,19,7,1.0,0.0,4,4,1.0,1.0,4,8,2,1.0,0.0,0.0,9.0,3,3,0.0,8,0
1.0,1.0,2.0,18,8,1.0,0.0,4,4,0.0,1.0,2,6,1,0.0,0.0,0.0,9.0,1,3,0.0,4,1
0.0,1.0,2.0,19,7,1.0,0.0,4,4,0.0,0.0,3,7,1,0.0,0.0,0.0,6.0,2,3,2.0,6,0
1.0,0.0,2.0,19,6,2.0,0.0,5,3,1.0,0.0,3,8,2,1.0,1.0,0.0,7.0,3,3,1.0,8,0
0.0,1.0,2.0,18,8,1.0,0.0,4,3,0.0,1.0,7,5,1,0.0,0.0,1.0,9.0,3,3,0.0,7,2
0.0,1.0,2.0,19,6,2.0,1.0,4,2,0.0,0.0,4,6,2,1.0,0.0,0.0,8.0,2,3,0.0,8,2
1.0,1.0,2.0,17,4,1.0,2.0,4,5,1.0,1.0,2,8,6,0.0,1.0,0.0,9.0,1,1,0.0,2,1
0.0,1.0,2.0,18,7,1.0,0.0,4,3,0.0,1.0,3,8,4,0.0,0.0,0.0,8.0,2,2,1.0,6,1
1.0,1.0,2.0,19,8,1.0,0.0,4,4,0.0,0.0,4,6,1,0.0,0.0,0.0,8.0,2,3,0.0,5,1
1.0,1.0,2.0,19,7,2.0,0.0,4,2,1.0,0.0,8,9,1,1.0,0.0,1.0,8.0,1,1,0.0,8,1
0.0,0.0,2.0,18,8,1.0,0.0,4,4,0.0,0.0,4,7,1,1.0,1.0,0.0,8.0,4,3,1.0,9,0
0.0,1.0,2.0,18,8,1.0,0.0,4,4,0.0,1.0,3,5,4,1.0,0.0,0.0,9.0,3,3,1.0,8,0
1.0,1.0,0.0,19,7,1.0,0.0,9,3,0.0,1.0,4,5,2,1.0,1.0,0.0,8.0,3,3,0.0,6,2
0.0,0.0,2.0,21,6,2.0,0.0,4,4,0.0,1.0,5,6,2,0.0,0.0,1.0,7.0,3,3,2.0,7,0
0.0,1.0,2.0,19,8,1.0,0.0,4,5,0.0,1.0,8,8,1,0.0,1.0,1.0,9.0,4,4,1.0,9,2
0.0,1.0,2.0,18,8,2.0,0.0,4,4,1.0,1.0,3,8,3,0.0,1.0,0.0,6.0,3,2,2.0,4,0
0.0,1.0,2.0,18,6,1.0,0.0,4,4,0.0,1.0,3,8,3,0.0,1.0,1.0,9.0,3,4,2.0,7,0
1.0,1.0,2.0,19,8,1.0,0.0,5,4,0.0,1.0,5,6,2,0.0,0.0,0.0,8.0,3,4,1.0,6,1
1.0,0.0,2.0,18,8,1.0,0.0,4,3,0.0,1.0,7,7,2,0.0,1.0,1.0,8.0,3,2,1.0,6,0
0.0,1.0,2.0,22,4,1.0,0.0,4,5,1.0,0.0,2,8,1,0.0,1.0,1.0,8.0,2,2,0.0,9,1
0.0,1.0,2.0,20,7,2.0,0.0,3,2,0.0,1.0,5,7,2,1.0,0.0,0.0,8.0,5,5,0.0,8,2
1.0,1.0,0.0,19,8,1.0,0.0,4,4,1.0,1.0,4,8,3,1.0,1.0,1.0,5.0,3,4,2.0,7,0
0.0,1.0,1.0,19,7,2.0,0.0,4,3,0.0,1.0,4,8,2,1.0,1.0,0.0,7.0,2,1,2.0,6,0
0.0,1.0,2.0,19,8,1.0,0.0,4,4,0.0,1.0,5,3,3,0.0,0.0,0.0,8.0,3,2,1.0,8,0
1.0,1.0,2.0,20,7,1.0,0.0,3,4,1.0,1.0,8,8,4,1.0,0.0,0.0,8.0,2,3,2.0,6,0
1.0,1.0,2.0,20,6,1.0,0.0,4,4,0.0,0.0,5,6,1,0.0,0.0,0.0,8.0,1,1,1.0,6,1
1.0,1.0,2.0,20,7,1.0,0.0,3,2,1.0,0.0,2,6,1,1.0,0.0,0.0,8.0,1,2,1.0,3,1
1.0,0.0,1.0,21,1,1.0,1.0,10,3,0.0,0.0,2,8,10,1.0,0.0,0.0,3.0,2,2,1.0,6,0
0.0,1.0,2.0,20,8,1.0,0.0,5,4,0.0,1.0,10,9,3,0.0,1.0,1.0,9.0,2,2,1.0,6,1
0.0,0.0,0.0,19,8,1.0,0.0,6,3,0.0,0.0,2,6,1,0.0,0.0,1.0,9.0,2,2,1.0,5,1
1.0,1.0,2.0,20,7,1.0,0.0,4,4,0.0,1.0,5,7,3,1.0,1.0,0.0,8.0,2,2,0.0,6,1
1.0,1.0,2.0,18,7,1.0,0.0,3,4,1.0,0.0,6,7,1,0.0,1.0,1.0,9.0,4,3,0.0,8,2
1.0,1.0,2.0,19,7,1.0,0.0,4,4,0.0,0.0,5,7,4,0.0,1.0,0.0,8.0,3,3,0.0,8,0
1.0,1.0,2.0,19,20,1.0,0.0,4,5,1.0,0.0,3,6,2,1.0,0.0,1.0,9.0,3,2,0.0,5,1
0.0,1.0,2.0,20,14,1.0,0.0,4,5,0.0,0.0,6,8,3,0.0,1.0,1.0,7.0,2,2,0.0,7,1
1.0,0.0,2.0,21,8,0.0,0.0,4,2,1.0,0.0,4,8,4,1.0,0.0,1.0,8.0,3,3,0.0,4,1
1.0,1.0,1.0,21,16,1.0,0.0,6,5,1.0,1.0,2,6,3,0.0,1.0,0.0,9.0,4,4,0.0,9,2
0.0,1.0,2.0,18,7,1.0,0.0,4,5,0.0,1.0,5,8,8,0.0,1.0,1.0,9.0,3,4,2.0,10,0
1.0,1.0,2.0,18,6,1.0,0.0,4,3,1.0,0.0,6,6,3,1.0,0.0,0.0,8.0,3,4,1.0,6,0
1.0,0.0,2.0,19,8,1.0,0.0,4,4,0.0,0.0,3,6,2,0.0,1.0,1.0,7.0,2,3,1.0,7,0
1.0,1.0,1.0,19,6,1.0,0.0,3,4,0.0,0.0,1,6,5,0.0,1.0,1.0,8.0,2,4,0.0,7,0
1.0,1.0,2.0,20,6,1.0,0.0,3,4,0.0,0.0,4,7,2,0.0,1.0,0.0,8.0,2,2,2.0,8,0
0.0,1.0,2.0,19,8,1.0,0.0,5,5,0.0,0.0,5,8,2,0.0,1.0,1.0,9.0,3,3,0.0,10,0
1.0,1.0,2.0,19,8,1.0,0.0,4,3,0.0,0.0,4,8,4,0.0,1.0,0.0,8.0,2,3,1.0,7,0
0.0,1.0,2.0,20,6,1.0,0.0,4,4,1.0,0.0,2,7,2,0.0,1.0,1.0,8.0,4,4,1.0,7,0
0.0,1.0,2.0,18,6,1.0,0.0,4,5,1.0,1.0,5,6,4,0.0,1.0,1.0,8.0,2,2,0.0,9,1
1.0,1.0,2.0,19,7,1.0,0.0,4,4,0.0,0.0,1,7,3,1.0,1.0,0.0,9.0,2,3,0.0,8,0
1.0,1.0,2.0,20,7,1.0,0.0,3,5,1.0,1.0,2,7,3,1.0,1.0,0.0,7.0,3,2,0.0,6,1
0.0,1.0,2.0,19,8,1.0,0.0,4,4,0.0,0.0,5,8,3,0.0,1.0,1.0,8.0,1,1,1.0,7,0
1.0,1.0,2.0,20,7,1.0,2.0,3,5,1.0,1.0,1,7,1,0.0,1.0,0.0,7.0,1,1,0.0,8,1
0.0,1.0,2.0,18,7,1.0,2.0,4,4,1.0,0.0,4,8,7,0.0,1.0,0.0,9.0,3,3,1.0,5,0
1.0,1.0,2.0,21,2,1.0,0.0,4,5,1.0,1.0,1,6,7,1.0,1.0,0.0,6.0,5,5,0.0,10,2
1.0,1.0,2.0,19,7,1.0,2.0,6,5,1.0,0.0,4,9,2,1.0,0.0,0.0,9.0,3,3,1.0,10,2
1.0,1.0,2.0,22,6,1.0,0.0,8,5,1.0,1.0,4,7,2,1.0,0.0,1.0,7.0,4,3,2.0,8,0
1.0,1.0,2.0,20,8,1.0,0.0,3,4,1.0,0.0,7,8,2,0.0,1.0,0.0,9.0,4,3,1.0,8,0
1.0,1.0,2.0,22,14,1.0,0.0,4,3,1.0,1.0,7,7,5,1.0,1.0,0.0,7.0,2,2,1.0,6,0
0.0,1.0,2.0,18,8,1.0,0.0,5,4,0.0,0.0,3,8,3,1.0,0.0,0.0,7.0,1,1,1.0,7,0
0.0,1.0,2.0,19,8,1.0,0.0,5,3,0.0,1.0,8,6,5,0.0,1.0,0.0,8.0,1,1,0.0,5,0
1.0,1.0,2.0,20,7,1.0,2.0,4,4,1.0,0.0,1,8,6,0.0,0.0,0.0,7.0,2,1,2.0,5,1
1.0,0.0,2.0,19,7,1.0,0.0,4,5,1.0,0.0,4,5,1,1.0,0.0,0.0,8.0,3,3,0.0,8,0
1.0,1.0,1.0,19,5,1.0,0.0,3,3,0.0,1.0,1,6,1,0.0,1.0,0.0,7.0,1,2,1.0,6,1
1.0,1.0,2.0,21,4,1.0,2.0,4,5,1.0,0.0,2,8,1,0.0,0.0,0.0,9.0,3,5,0.0,10,2
1.0,1.0,2.0,20,6,1.0,0.0,5,5,0.0,1.0,2,8,3,0.0,1.0,0.0,6.0,1,1,1.0,5,1
1.0,1.0,2.0,20,7,1.0,0.0,3,5,0.0,0.0,8,7,1,1.0,0.0,0.0,8.0,2,2,1.0,7,0
1.0,1.0,2.0,18,8,2.0,0.0,5,4,0.0,1.0,4,7,2,1.0,0.0,0.0,7.0,3,1,0.0,7,0
1.0,1.0,2.0,19,8,1.0,0.0,5,5,0.0,0.0,2,7,1,1.0,1.0,0.0,9.0,2,1,0.0,8,1
0.0,1.0,2.0,19,8,1.0,0.0,4,5,0.0,1.0,6,7,2,0.0,1.0,0.0,9.0,3,3,1.0,8,0
1.0,1.0,2.0,19,20,1.0,0.0,4,5,0.0,0.0,4,10,2,1.0,1.0,0.0,9.0,3,2,1.0,6,1
1.0,1.0,2.0,21,7,1.0,0.0,4,4,0.0,0.0,4,6,1,1.0,1.0,0.0,7.0,2,2,1.0,9,0
1.0,1.0,2.0,18,5,1.0,0.0,4,4,1.0,0.0,7,7,2,1.0,1.0,0.0,9.0,3,3,0.0,7,0
0.0,1.0,2.0,22,6,1.0,0.0,3,5,1.0,0.0,5,7,2,0.0,1.0,0.0,7.0,3,1,2.0,7,1
1.0,1.0,2.0,19,8,1.0,0.0,3,5,1.0,1.0,7,4,3,1.0,1.0,1.0,9.0,3,2,0.0,8,0
0.0,1.0,2.0,19,3,1.0,0.0,5,5,0.0,1.0,9,7,1,0.0,1.0,1.0,7.0,3,3,0.0,8,2
1.0,1.0,2.0,17,6,1.0,0.0,4,5,1.0,1.0,5,7,1,1.0,1.0,0.0,8.0,4,4,1.0,8,0
0.0,1.0,1.0,20,7,1.0,0.0,5,5,0.0,0.0,4,5,2,0.0,1.0,1.0,8.0,2,3,0.0,5,0
0.0,1.0,2.0,21,5,1.0,0.0,4,4,0.0,0.0,10,1,3,1.0,0.0,1.0,8.0,3,4,1.0,6,0
1.0,0.0,1.0,17,5,0.0,0.0,6,4,0.0,1.0,5,10,6,1.0,1.0,1.0,6.0,3,3,1.0,6,0
0.0,1.0,2.0,20,8,1.0,0.0,3,4,0.0,0.0,6,8,1,0.0,0.0,0.0,7.0,3,2,0.0,8,1
0.0,1.0,2.0,19,6,1.0,0.0,3,4,0.0,0.0,9,7,2,0.0,1.0,0.0,9.0,2,3,2.0,7,0
1.0,1.0,2.0,20,11,1.0,0.0,4,5,0.0,0.0,5,7,3,0.0,0.0,0.0,8.0,3,2,2.0,8,2
0.0,1.0,1.0,18,6,1.0,0.0,6,4,0.0,1.0,4,9,5,0.0,0.0,0.0,9.0,3,3,0.0,10,0
0.0,1.0,1.0,19,3,1.0,0.0,4,5,1.0,0.0,8,6,3,0.0,1.0,1.0,7.0,3,4,2.0,7,2
0.0,0.0,2.0,19,7,2.0,1.0,6,2,0.0,1.0,6,5,2,1.0,0.0,1.0,7.0,5,5,2.0,10,2
0.0,0.0,2.0,21,5,1.0,0.0,3,2,0.0,0.0,5,7,4,0.0,0.0,1.0,8.0,2,3,0.0,6,1
1.0,0.0,2.0,19,7,1.0,0.0,7,2,0.0,0.0,10,7,1,0.0,1.0,0.0,7.0,1,3,0.0,2,1
0.0,1.0,2.0,18,8,1.0,0.0,4,5,0.0,1.0,6,7,4,1.0,0.0,1.0,9.0,1,1,0.0,7,0
0.0,1.0,2.0,19,6,2.0,0.0,4,4,0.0,0.0,3,8,1,0.0,1.0,1.0,7.0,3,4,2.0,8,0
0.0,1.0,2.0,20,9,1.0,0.0,5,3,0.0,0.0,3,4,8,0.0,0.0,0.0,9.0,3,2,0.0,4,1
1.0,1.0,2.0,19,7,1.0,0.0,4,4,1.0,0.0,2,7,4,0.0,1.0,0.0,9.0,3,2,0.0,6,1
1.0,1.0,2.0,19,6,1.0,0.0,3,3,1.0,0.0,4,6,3,1.0,1.0,0.0,9.0,3,3,0.0,8,0
1.0,1.0,2.0,20,1,1.0,0.0,6,5,1.0,0.0,5,5,3,1.0,1.0,0.0,9.0,3,3,2.0,8,0
1.0,1.0,2.0,19,5,1.0,0.0,4,5,1.0,0.0,5,8,2,1.0,1.0,1.0,8.0,2,3,0.0,10,1
1.0,1.0,2.0,19,5,1.0,2.0,3,5,0.0,0.0,4,7,3,1.0,1.0,0.0,9.0,3,3,2.0,7,0
0.0,1.0,0.0,19,7,1.0,0.0,4,3,1.0,0.0,1,4,6,1.0,1.0,1.0,8.0,4,1,1.0,4,1
1.0,1.0,2.0,19,9,1.0,0.0,6,5,1.0,1.0,8,7,1,0.0,1.0,0.0,9.0,2,1,0.0,8,1
1.0,1.0,2.0,20,7,1.0,0.0,3,4,0.0,0.0,4,7,4,1.0,1.0,0.0,9.0,4,4,0.0,9,0
0.0,1.0,2.0,18,7,1.0,0.0,4,5,1.0,1.0,3,10,2,1.0,1.0,0.0,9.0,4,3,1.0,7,0
1.0,1.0,1.0,20,7,1.0,0.0,4,5,1.0,1.0,3,6,2,1.0,1.0,0.0,9.0,1,1,0.0,5,1
1.0,1.0,2.0,20,8,1.0,0.0,5,4,1.0,1.0,3,8,5,1.0,0.0,0.0,6.0,3,3,1.0,6,2
1.0,1.0,2.0,20,7,1.0,0.0,5,4,1.0,1.0,3,6,4,1.0,1.0,0.0,7.0,2,2,1.0,4,0
1.0,1.0,2.0,19,7,1.0,0.0,4,5,0.0,0.0,4,6,1,0.0,1.0,1.0,8.0,3,3,0.0,8,0
1.0,1.0,2.0,21,9,1.0,0.0,5,5,1.0,0.0,4,7,1,0.0,1.0,0.0,8.0,3,3,0.0,8,1
1.0,1.0,2.0,19,7,1.0,0.0,4,4,0.0,0.0,5,8,2,1.0,1.0,1.0,8.0,3,2,1.0,7,1
0.0,1.0,2.0,19,7,1.0,0.0,3,3,1.0,0.0,3,5,4,0.0,1.0,0.0,8.0,3,2,1.0,5,0
1.0,0.0,1.0,19,7,2.0,0.0,4,2,0.0,1.0,3,6,1,1.0,0.0,0.0,8.0,2,4,2.0,7,0
0.0,1.0,2.0,20,20,1.0,0.0,4,5,1.0,0.0,3,8,2,0.0,1.0,0.0,9.0,1,2,1.0,10,0
1.0,1.0,2.0,17,5,1.0,0.0,4,3,0.0,1.0,2,7,1,1.0,1.0,1.0,8.0,2,3,0.0,5,1
1.0,1.0,1.0,17,5,1.0,0.0,4,5,1.0,0.0,2,8,3,1.0,1.0,1.0,7.0,3,3,2.0,7,0
1.0,1.0,2.0,18,7,1.0,0.0,6,5,0.0,0.0,4,6,2,1.0,0.0,1.0,7.0,3,2,1.0,6,1
1.0,1.0,2.0,18,6,1.0,0.0,3,4,1.0,0.0,3,6,2,0.0,0.0,1.0,7.0,3,3,0.0,7,2
0.0,0.0,2.0,19,7,2.0,0.0,4,3,0.0,1.0,7,6,1,0.0,0.0,0.0,9.0,3,3,1.0,8,0
1.0,1.0,1.0,18,7,1.0,0.0,3,4,0.0,1.0,4,6,2,1.0,1.0,0.0,9.0,4,4,1.0,6,0
0.0,1.0,2.0,20,8,1.0,0.0,3,4,0.0,1.0,3,8,9,0.0,1.0,0.0,7.0,3,3,0.0,6,1
1.0,1.0,2.0,20,7,2.0,0.0,3,4,1.0,1.0,3,7,1,1.0,1.0,0.0,8.0,3,2,1.0,7,1
1.0,1.0,2.0,17,5,1.0,0.0,4,3,1.0,0.0,2,5,2,1.0,1.0,1.0,8.0,3,2,0.0,6,1
1.0,1.0,2.0,20,8,1.0,0.0,5,4,0.0,0.0,4,5,3,0.0,1.0,0.0,8.0,4,4,0.0,8,2
0.0,1.0,2.0,17,6,1.0,0.0,5,4,0.0,0.0,8,4,2,1.0,1.0,1.0,8.0,2,1,0.0,7,1
0.0,1.0,0.0,38,8,1.0,0.0,4,5,0.0,1.0,10,5,3,0.0,1.0,0.0,9.0,5,5,1.0,9,2
1.0,1.0,2.0,17,6,0.0,0.0,5,4,0.0,1.0,5,7,8,1.0,1.0,1.0,7.0,2,3,1.0,6,0
0.0,1.0,2.0,20,8,1.0,0.0,3,4,0.0,0.0,3,8,9,0.0,1.0,0.0,7.0,2,3,0.0,6,1
1.0,0.0,2.0,19,6,1.0,0.0,4,3,1.0,1.0,4,7,1,1.0,1.0,0.0,8.0,3,3,0.0,6,0
1.0,1.0,2.0,20,7,1.0,0.0,4,5,0.0,0.0,2,5,5,1.0,0.0,1.0,8.0,3,3,1.0,6,0
1.0,1.0,1.0,17,6,1.0,0.0,4,4,1.0,0.0,1,10,8,1.0,1.0,0.0,7.0,2,3,1.0,7,0
1.0,0.0,2.0,19,20,1.0,0.0,4,2,1.0,1.0,2,9,3,1.0,0.0,0.0,7.0,3,2,1.0,7,1
1.0,0.0,2.0,20,8,2.0,0.0,5,2,0.0,1.0,3,5,1,0.0,0.0,0.0,7.0,1,4,0.0,4,0
1.0,1.0,2.0,20,8,1.0,0.0,4,4,1.0,1.0,2,7,2,0.0,0.0,1.0,7.0,2,2,1.0,5,0
0.0,1.0,2.0,20,8,1.0,0.0,10,5,1.0,1.0,7,6,1,0.0,1.0,0.0,9.0,2,1,1.0,8,0
1.0,1.0,2.0,18,8,1.0,0.0,4,2,1.0,0.0,3,7,1,1.0,0.0,1.0,6.0,3,1,1.0,7,1
1.0,1.0,2.0,20,7,1.0,0.0,4,3,1.0,1.0,3,7,2,1.0,1.0,1.0,8.0,3,3,0.0,6,0
0.0,1.0,2.0,20,8,1.0,0.0,4,3,0.0,1.0,1,5,1,1.0,0.0,0.0,8.0,4,3,1.0,7,0
1.0,0.0,2.0,19,7,1.0,0.0,4,3,0.0,1.0,2,7,4,0.0,1.0,0.0,8.0,2,3,2.0,7,0
1.0,0.0,2.0,20,18,1.0,0.0,3,4,1.0,1.0,6,8,2,0.0,1.0,0.0,7.0,2,1,0.0,4,0
1.0,1.0,2.0,18,5,1.0,0.0,4,4,1.0,0.0,2,5,3,1.0,0.0,1.0,8.0,2,3,1.0,4,1
1.0,0.0,2.0,19,7,1.0,0.0,4,1,0.0,0.0,10,5,2,1.0,1.0,0.0,8.0,1,1,1.0,4,1
1.0,1.0,2.0,19,7,1.0,0.0,3,4,1.0,1.0,4,6,2,0.0,1.0,1.0,8.0,3,2,1.0,8,1
0.0,1.0,2.0,19,5,2.0,0.0,6,5,0.0,0.0,8,8,5,1.0,1.0,0.0,7.0,4,4,1.0,10,2
0.0,1.0,2.0,18,5,1.0,0.0,6,5,0.0,1.0,2,6,2,0.0,1.0,0.0,8.0,2,1,0.0,2,1
1.0,1.0,2.0,20,7,1.0,2.0,5,4,0.0,1.0,3,5,3,0.0,0.0,0.0,7.0,4,2,0.0,7,0
1.0,1.0,2.0,18,8,1.0,0.0,4,4,1.0,1.0,3,6,2,0.0,0.0,0.0,8.0,1,1,0.0,5,0
0.0,1.0,2.0,20,7,1.0,0.0,5,5,0.0,1.0,5,6,3,0.0,1.0,1.0,5.0,3,4,2.0,7,0
0.0,0.0,2.0,17,6,1.0,0.0,4,2,0.0,0.0,3,7,2,1.0,1.0,0.0,7.0,3,3,1.0,7,2
1.0,1.0,1.0,18,6,1.0,0.0,4,3,0.0,1.0,4,7,1,0.0,1.0,0.0,8.0,1,3,1.0,6,1
0.0,1.0,2.0,18,6,1.0,0.0,3,5,0.0,1.0,5,7,3,0.0,1.0,0.0,9.0,5,5,0.0,10,2
1.0,0.0,2.0,18,6,1.0,0.0,3,3,1.0,1.0,8,1,1,1.0,1.0,0.0,9.0,3,3,1.0,4,0
1.0,1.0,2.0,20,7,1.0,0.0,4,4,0.0,0.0,1,9,10,0.0,1.0,1.0,6.0,1,1,0.0,2,1
0.0,1.0,2.0,19,8,1.0,0.0,4,5,1.0,0.0,4,8,3,0.0,1.0,0.0,7.0,3,1,0.0,7,0
1.0,1.0,2.0,19,8,1.0,0.0,5,4,0.0,0.0,10,10,4,0.0,1.0,0.0,7.0,4,5,0.0,10,2
0.0,1.0,2.0,18,5,2.0,0.0,6,4,0.0,1.0,6,5,2,0.0,0.0,0.0,8.0,3,3,2.0,7,0
1.0,1.0,1.0,18,7,1.0,0.0,4,5,0.0,1.0,10,4,1,0.0,1.0,0.0,9.0,4,3,2.0,9,2
1.0,1.0,2.0,18,4,1.0,0.0,4,5,0.0,1.0,6,7,2,1.0,1.0,1.0,7.0,3,5,1.0,8,0
1.0,1.0,2.0,18,5,1.0,0.0,4,4,0.0,1.0,3,7,4,1.0,1.0,0.0,8.0,3,3,1.0,6,0
1.0,1.0,2.0,20,8,1.0,0.0,6,3,1.0,1.0,6,6,1,0.0,1.0,0.0,9.0,4,3,0.0,6,2
1.0,0.0,2.0,21,8,2.0,0.0,5,4,0.0,1.0,2,8,2,0.0,1.0,1.0,6.0,3,3,0.0,6,2
1.0,1.0,2.0,19,9,1.0,0.0,4,5,1.0,1.0,6,8,1,1.0,1.0,1.0,8.0,5,3,1.0,5,1
0.0,1.0,2.0,18,7,1.0,0.0,4,4,0.0,1.0,3,6,5,0.0,1.0,0.0,6.0,2,5,0.0,7,2
1.0,1.0,2.0,20,7,1.0,0.0,5,2,1.0,1.0,2,6,2,0.0,0.0,1.0,8.0,3,3,1.0,6,0
1.0,1.0,1.0,19,6,1.0,0.0,4,5,0.0,1.0,3,7,4,1.0,1.0,1.0,7.0,3,1,2.0,6,0
1.0,0.0,2.0,19,3,1.0,0.0,8,4,1.0,0.0,2,10,1,1.0,0.0,1.0,9.0,1,1,1.0,8,1
0.0,0.0,2.0,20,8,1.0,0.0,4,4,0.0,0.0,4,6,3,0.0,1.0,1.0,6.0,4,3,0.0,7,0
1.0,1.0,2.0,20,7,1.0,0.0,3,4,0.0,1.0,4,8,2,1.0,1.0,1.0,8.0,3,2,0.0,8,2
1.0,1.0,2.0,20,6,1.0,0.0,3,5,1.0,1.0,4,6,4,1.0,0.0,0.0,7.0,3,3,0.0,8,0
1.0,1.0,2.0,18,4,1.0,0.0,4,3,1.0,0.0,6,8,1,0.0,0.0,0.0,8.0,2,1,1.0,3,1
0.0,1.0,2.0,20,8,1.0,0.0,4,3,0.0,0.0,3,7,2,0.0,1.0,1.0,6.0,2,4,0.0,6,0
1.0,0.0,2.0,18,6,1.0,0.0,3,3,0.0,0.0,6,7,3,1.0,1.0,0.0,7.0,4,4,0.0,6,0
0.0,1.0,1.0,20,7,1.0,0.0,4,4,0.0,0.0,4,8,4,1.0,1.0,0.0,7.0,2,2,1.0,8,0
1.0,1.0,1.0,20,8,1.0,0.0,4,4,0.0,1.0,1,6,4,0.0,1.0,1.0,6.0,1,1,2.0,7,1
1.0,0.0,2.0,17,5,1.0,2.0,5,5,1.0,0.0,7,8,3,1.0,1.0,1.0,9.0,4,3,2.0,7,0
1.0,1.0,2.0,19,7,1.0,0.0,5,3,1.0,0.0,2,6,3,0.0,1.0,1.0,7.0,3,2,1.0,7,1
0.0,0.0,2.0,20,7,1.0,1.0,5,4,0.0,1.0,6,6,1,1.0,1.0,1.0,7.0,5,5,1.0,9,2
1.0,1.0,2.0,19,5,1.0,0.0,4,4,1.0,1.0,2,6,1,0.0,0.0,0.0,9.0,3,1,1.0,6,0
1.0,1.0,2.0,20,7,1.0,0.0,4,5,0.0,1.0,2,4,4,0.0,0.0,1.0,3.0,1,1,1.0,8,2
1.0,0.0,2.0,20,6,1.0,0.0,5,2,0.0,1.0,3,7,2,1.0,0.0,0.0,8.0,3,2,1.0,4,1
1.0,1.0,2.0,19,8,1.0,0.0,4,4,0.0,1.0,6,7,1,0.0,1.0,1.0,8.0,3,4,0.0,7,1
0.0,1.0,2.0,21,7,1.0,0.0,5,4,0.0,0.0,4,10,2,0.0,1.0,0.0,7.0,3,3,0.0,8,0
0.0,0.0,2.0,18,7,1.0,0.0,4,3,1.0,1.0,7,8,5,1.0,1.0,0.0,7.0,2,2,0.0,4,1
1.0,1.0,1.0,19,6,1.0,0.0,5,4,0.0,1.0,1,7,2,1.0,0.0,0.0,8.0,1,1,1.0,2,1
1.0,1.0,2.0,18,6,1.0,0.0,3,2,0.0,0.0,3,7,4,1.0,0.0,0.0,8.0,3,2,0.0,3,1
0.0,1.0,2.0,20,8,1.0,0.0,5,5,0.0,0.0,3,8,3,1.0,1.0,1.0,8.0,3,3,0.0,6,0
1.0,0.0,2.0,20,8,2.0,0.0,4,2,0.0,0.0,5,3,1,0.0,1.0,1.0,2.0,2,3,2.0,2,0
1.0,0.0,2.0,20,6,1.0,0.0,10,4,1.0,1.0,3,7,2,0.0,1.0,1.0,7.0,3,3,1.0,8,1
1.0,1.0,2.0,20,20,1.0,0.0,9,2,0.0,0.0,3,4,2,0.0,1.0,0.0,8.0,1,1,0.0,8,1
1.0,0.0,2.0,22,9,1.0,0.0,5,3,1.0,1.0,3,7,2,1.0,0.0,1.0,6.0,3,3,1.0,8,0
1.0,1.0,0.0,21,8,1.0,0.0,4,5,1.0,1.0,2,7,3,1.0,1.0,1.0,9.0,4,3,0.0,9,0
0.0,1.0,2.0,18,6,1.0,0.0,4,3,0.0,0.0,9,7,2,0.0,1.0,0.0,8.0,3,3,0.0,5,0
1.0,1.0,2.0,20,7,1.0,0.0,4,4,0.0,1.0,4,6,3,0.0,1.0,1.0,7.0,4,4,0.0,8,0
0.0,1.0,2.0,20,4,1.0,0.0,3,5,0.0,0.0,8,6,6,0.0,1.0,0.0,8.0,2,3,0.0,8,2
1.0,1.0,2.0,20,6,1.0,0.0,4,3,1.0,1.0,6,7,2,1.0,1.0,1.0,7.0,3,4,1.0,9,1
0.0,0.0,2.0,17,7,1.0,0.0,4,3,1.0,1.0,8,6,2,0.0,1.0,0.0,8.0,5,5,2.0,8,2
1.0,1.0,2.0,21,20,2.0,0.0,3,4,0.0,0.0,5,10,3,1.0,1.0,0.0,8.0,3,3,1.0,7,2
0.0,1.0,2.0,19,6,1.0,0.0,3,3,0.0,1.0,6,7,1,0.0,1.0,1.0,9.0,3,2,0.0,8,1
1.0,0.0,2.0,21,8,1.0,0.0,5,3,0.0,0.0,5,8,2,1.0,1.0,1.0,6.0,3,3,0.0,7,0
0.0,1.0,2.0,20,8,1.0,0.0,2,4,1.0,0.0,10,6,1,0.0,1.0,1.0,7.0,3,4,0.0,6,0
1.0,1.0,2.0,21,7,1.0,0.0,4,4,1.0,0.0,5,6,2,0.0,0.0,1.0,8.0,4,5,0.0,8,0
1.0,1.0,2.0,20,8,1.0,0.0,5,5,1.0,1.0,6,6,2,1.0,1.0,0.0,7.0,3,3,1.0,6,2
0.0,1.0,2.0,18,4,1.0,0.0,3,4,0.0,0.0,5,8,1,0.0,1.0,0.0,8.0,3,3,2.0,8,2
1.0,1.0,2.0,21,5,1.0,0.0,5,4,0.0,0.0,3,7,9,1.0,1.0,0.0,6.0,2,1,1.0,4,1
1.0,1.0,2.0,20,9,1.0,0.0,5,4,1.0,1.0,2,8,2,0.0,0.0,1.0,7.0,4,4,0.0,8,0
1.0,1.0,1.0,20,8,1.0,0.0,4,5,0.0,0.0,3,5,4,1.0,0.0,0.0,8.0,3,2,0.0,8,1
0.0,1.0,2.0,17,7,1.0,2.0,10,4,0.0,1.0,3,7,2,0.0,1.0,0.0,8.0,2,3,1.0,5,1
1.0,1.0,2.0,20,7,1.0,0.0,4,3,1.0,1.0,3,7,2,1.0,0.0,0.0,7.0,3,2,1.0,5,0
1.0,1.0,2.0,21,7,1.0,0.0,3,2,0.0,0.0,1,5,2,0.0,0.0,0.0,6.0,1,3,2.0,6,2
1.0,1.0,2.0,21,6,1.0,0.0,4,3,1.0,1.0,6,6,1,1.0,1.0,1.0,3.0,1,3,2.0,6,1
1.0,1.0,2.0,19,8,1.0,0.0,4,5,1.0,1.0,2,5,1,0.0,1.0,0.0,7.0,1,1,1.0,6,0
1.0,1.0,2.0,20,7,1.0,0.0,4,4,1.0,0.0,4,4,3,0.0,1.0,0.0,8.0,3,3,0.0,6,0
0.0,1.0,1.0,19,7,1.0,0.0,4,4,0.0,1.0,4,8,2,0.0,1.0,1.0,9.0,3,2,0.0,5,1
0.0,1.0,1.0,19,7,1.0,0.0,5,5,0.0,1.0,2,7,2,0.0,0.0,1.0,8.0,1,1,0.0,6,0
1.0,0.0,2.0,20,8,1.0,0.0,5,4,0.0,0.0,1,8,3,0.0,1.0,1.0,7.0,1,1,0.0,8,2
0.0,1.0,2.0,20,9,1.0,0.0,4,3,0.0,0.0,3,7,4,0.0,1.0,0.0,7.0,2,2,2.0,5,0
0.0,1.0,1.0,20,6,1.0,0.0,4,5,1.0,1.0,5,9,3,1.0,1.0,1.0,8.0,3,1,0.0,6,1
0.0,1.0,2.0,19,7,1.0,2.0,4,5,0.0,1.0,5,4,2,0.0,1.0,1.0,8.0,3,2,0.0,4,1
0.0,1.0,2.0,19,7,1.0,0.0,4,4,0.0,0.0,2,8,3,0.0,0.0,1.0,8.0,3,2,2.0,9,0
1.0,1.0,2.0,18,6,1.0,0.0,4,5,1.0,1.0,1,6,4,1.0,0.0,1.0,7.0,3,3,1.0,4,0
1.0,1.0,2.0,20,7,1.0,0.0,4,4,1.0,0.0,4,4,2,1.0,1.0,0.0,8.0,3,3,0.0,9,0
1.0,1.0,2.0,20,7,2.0,0.0,4,5,0.0,1.0,1,7,3,0.0,1.0,0.0,8.0,2,3,0.0,6,0
1.0,1.0,2.0,19,8,2.0,0.0,4,4,1.0,0.0,6,8,1,1.0,0.0,0.0,8.0,4,4,1.0,8,1
1.0,0.0,2.0,20,9,1.0,0.0,3,4,1.0,0.0,4,9,3,0.0,1.0,0.0,8.0,2,2,1.0,6,0
1.0,1.0,2.0,20,6,0.0,0.0,3,5,0.0,0.0,10,8,2,1.0,1.0,0.0,9.0,2,1,0.0,8,1
1.0,0.0,2.0,19,9,1.0,0.0,4,1,1.0,1.0,2,7,2,0.0,1.0,0.0,8.0,3,3,0.0,9,0
0.0,1.0,2.0,19,6,1.0,0.0,3,3,0.0,1.0,5,9,3,0.0,1.0,0.0,8.0,1,2,0.0,3,0
1.0,1.0,2.0,20,7,1.0,0.0,4,5,1.0,0.0,4,8,4,1.0,1.0,0.0,7.0,3,3,1.0,7,0
0.0,1.0,2.0,20,6,1.0,0.0,4,5,1.0,0.0,4,7,2,0.0,0.0,1.0,8.0,3,4,1.0,7,2
0.0,1.0,2.0,20,7,2.0,0.0,4,3,1.0,0.0,2,5,5,0.0,1.0,1.0,9.0,2,3,0.0,8,0
0.0,0.0,1.0,20,8,1.0,0.0,10,3,1.0,1.0,5,6,2,0.0,1.0,1.0,7.0,4,4,1.0,8,2
1.0,1.0,1.0,20,6,1.0,0.0,4,4,1.0,0.0,5,6,2,1.0,1.0,0.0,5.0,2,2,1.0,6,0
1.0,0.0,2.0,19,8,2.0,0.0,4,4,0.0,0.0,6,7,3,1.0,0.0,0.0,8.0,2,3,1.0,5,1
1.0,1.0,2.0,20,1,0.0,0.0,3,5,1.0,1.0,1,7,1,1.0,1.0,0.0,6.0,3,5,0.0,10,2
0.0,1.0,2.0,21,8,2.0,0.0,4,4,0.0,0.0,7,7,2,1.0,0.0,0.0,8.0,4,3,1.0,7,0
0.0,0.0,2.0,21,9,1.0,0.0,3,3,0.0,0.0,6,7,3,1.0,1.0,0.0,7.0,3,2,0.0,4,0
1.0,1.0,2.0,19,7,2.0,0.0,4,4,0.0,1.0,4,6,3,0.0,1.0,1.0,8.0,3,4,0.0,8,0
1.0,1.0,2.0,22,8,2.0,0.0,8,3,1.0,1.0,3,6,2,1.0,0.0,0.0,7.0,3,3,0.0,8,0
0.0,1.0,2.0,18,7,1.0,2.0,4,5,1.0,1.0,4,7,3,0.0,1.0,1.0,8.0,3,3,2.0,7,2
0.0,1.0,2.0,19,7,1.0,0.0,5,4,1.0,1.0,1,5,3,0.0,0.0,0.0,7.0,1,1,2.0,8,1
0.0,1.0,2.0,21,3,1.0,0.0,10,5,0.0,1.0,3,8,1,0.0,0.0,0.0,8.0,2,2,1.0,6,1
1.0,1.0,2.0,20,7,1.0,2.0,4,4,1.0,0.0,3,3,3,0.0,0.0,0.0,7.0,4,4,0.0,10,1
1.0,0.0,1.0,19,5,1.0,0.0,8,2,0.0,0.0,4,7,1,1.0,1.0,0.0,8.0,2,4,0.0,5,1
0.0,1.0,2.0,20,7,1.0,0.0,4,4,0.0,0.0,3,6,5,1.0,1.0,1.0,7.0,2,2,2.0,6,1
0.0,1.0,2.0,22,4,1.0,0.0,4,4,1.0,0.0,3,6,7,1.0,0.0,0.0,6.0,4,4,1.0,10,2
0.0,1.0,2.0,21,8,2.0,0.0,4,4,1.0,1.0,5,4,3,0.0,1.0,1.0,8.0,3,3,2.0,9,0
1.0,1.0,2.0,20,8,1.0,0.0,4,3,1.0,1.0,4,5,3,1.0,0.0,0.0,7.0,2,2,0.0,6,0
0.0,1.0,2.0,21,9,2.0,0.0,5,4,0.0,1.0,4,7,3,1.0,0.0,0.0,1.0,2,1,2.0,5,1
1.0,1.0,2.0,20,8,1.0,0.0,2,5,1.0,1.0,3,7,4,1.0,1.0,0.0,7.0,5,3,0.0,8,0
1.0,1.0,2.0,20,8,1.0,0.0,6,4,0.0,1.0,3,7,1,1.0,0.0,0.0,8.0,1,1,2.0,6,0
1.0,1.0,1.0,19,7,1.0,2.0,3,4,1.0,0.0,2,8,4,0.0,0.0,1.0,9.0,3,1,0.0,8,0
0.0,1.0,0.0,23,20,2.0,0.0,5,5,0.0,0.0,1,9,8,1.0,0.0,0.0,8.0,2,1,2.0,5,1
1.0,1.0,2.0,20,7,1.0,0.0,5,5,0.0,0.0,6,7,3,0.0,1.0,0.0,7.0,3,3,1.0,7,0
0.0,1.0,2.0,20,9,1.0,0.0,4,4,0.0,1.0,3,6,2,1.0,1.0,0.0,8.0,3,2,0.0,6,0
1.0,1.0,1.0,18,4,1.0,0.0,4,5,1.0,0.0,2,7,3,0.0,0.0,0.0,8.0,2,1,2.0,8,0
1.0,0.0,2.0,19,7,1.0,0.0,4,5,0.0,1.0,5,7,5,1.0,0.0,0.0,9.0,1,2,2.0,10,0
1.0,1.0,2.0,19,5,1.0,0.0,3,5,0.0,0.0,5,6,1,0.0,1.0,1.0,8.0,2,3,1.0,7,1
1.0,0.0,2.0,19,5,2.0,0.0,4,2,1.0,1.0,5,6,2,1.0,0.0,0.0,8.0,3,3,1.0,6,2
0.0,1.0,2.0,20,7,1.0,2.0,4,4,1.0,1.0,3,8,3,0.0,1.0,1.0,8.0,3,4,1.0,6,0
0.0,0.0,2.0,20,7,1.0,0.0,5,3,0.0,0.0,5,8,5,0.0,1.0,0.0,8.0,1,1,1.0,2,1
1.0,0.0,2.0,21,7,1.0,0.0,6,4,1.0,0.0,4,6,3,1.0,1.0,0.0,8.0,3,2,1.0,8,1
1.0,1.0,2.0,20,4,1.0,2.0,4,5,0.0,0.0,1,6,2,1.0,0.0,0.0,6.0,1,1,0.0,8,1
1.0,1.0,2.0,18,6,1.0,0.0,4,3,0.0,0.0,7,7,3,0.0,0.0,0.0,8.0,1,1,1.0,2,1
0.0,1.0,2.0,20,7,1.0,0.0,4,4,0.0,0.0,2,7,8,0.0,1.0,1.0,7.0,2,3,1.0,6,0
0.0,1.0,2.0,20,8,1.0,0.0,5,5,1.0,1.0,4,7,2,0.0,1.0,0.0,8.0,2,2,1.0,5,1
1.0,1.0,2.0,19,4,2.0,0.0,4,3,1.0,1.0,2,8,2,1.0,1.0,1.0,5.0,2,1,1.0,3,0
1.0,1.0,2.0,19,7,1.0,0.0,5,5,1.0,0.0,2,6,4,0.0,0.0,0.0,8.0,2,1,0.0,5,1
0.0,0.0,2.0,19,8,1.0,0.0,4,3,0.0,0.0,2,6,3,0.0,1.0,0.0,9.0,4,2,0.0,6,0
1.0,1.0,2.0,20,6,2.0,0.0,4,3,1.0,1.0,2,7,4,0.0,1.0,0.0,7.0,2,2,1.0,6,1
0.0,1.0,2.0,19,7,1.0,0.0,6,2,0.0,1.0,1,8,3,0.0,1.0,0.0,9.0,3,1,0.0,4,1
1.0,1.0,2.0,21,6,1.0,0.0,4,4,0.0,0.0,7,6,1,0.0,0.0,0.0,6.0,1,1,1.0,7,2
1.0,1.0,2.0,21,7,1.0,0.0,4,3,0.0,0.0,2,6,4,1.0,1.0,0.0,6.0,2,2,0.0,6,0
1.0,1.0,2.0,19,7,1.0,2.0,4,5,1.0,0.0,4,6,2,1.0,0.0,0.0,9.0,1,1,0.0,2,1
1.0,1.0,2.0,20,8,2.0,0.0,3,3,0.0,0.0,3,5,1,1.0,0.0,0.0,9.0,2,1,0.0,6,1
0.0,1.0,2.0,22,8,1.0,0.0,3,4,0.0,0.0,4,6,3,0.0,1.0,0.0,9.0,2,2,0.0,5,0
1.0,0.0,2.0,22,5,2.0,0.0,4,4,0.0,1.0,4,8,2,0.0,1.0,1.0,6.0,3,4,0.0,6,0
1.0,0.0,2.0,22,6,1.0,1.0,5,2,0.0,0.0,6,6,2,0.0,0.0,1.0,6.0,3,3,2.0,6,0
0.0,1.0,0.0,37,12,1.0,0.0,4,3,0.0,0.0,3,5,1,0.0,0.0,0.0,5.0,3,3,1.0,6,0
0.0,0.0,2.0,22,5,1.0,0.0,3,4,0.0,1.0,7,8,4,1.0,1.0,1.0,7.0,4,4,1.0,8,0
0.0,1.0,2.0,22,4,1.0,0.0,6,3,0.0,1.0,6,5,1,1.0,1.0,1.0,8.0,2,2,1.0,6,0
0.0,0.0,2.0,22,5,1.0,0.0,4,2,0.0,1.0,6,6,4,0.0,1.0,1.0,7.0,3,3,1.0,7,1
1.0,1.0,1.0,20,7,1.0,0.0,3,3,1.0,1.0,5,8,4,1.0,1.0,1.0,8.0,2,1,0.0,5,0
1.0,1.0,2.0,20,7,1.0,0.0,6,5,1.0,0.0,3,8,2,0.0,1.0,0.0,9.0,1,3,0.0,6,0
0.0,0.0,2.0,22,6,1.0,0.0,5,3,0.0,1.0,7,6,2,0.0,1.0,1.0,6.0,3,3,2.0,6,0
0.0,0.0,1.0,12,12,2.0,1.0,4,2,1.0,1.0,10,8,1,0.0,0.0,0.0,9.0,4,4,1.0,8,0
0.0,1.0,0.0,40,10,1.0,0.0,4,5,0.0,0.0,3,6,1,0.0,0.0,1.0,1.0,5,4,1.0,9,2
0.0,0.0,2.0,22,6,2.0,0.0,4,3,0.0,1.0,9,6,3,0.0,1.0,0.0,6.0,3,3,1.0,6,0
0.0,0.0,2.0,23,5,1.0,0.0,7,3,0.0,1.0,7,7,3,0.0,1.0,0.0,7.0,3,3,2.0,4,0
0.0,1.0,2.0,23,5,1.0,0.0,4,2,0.0,1.0,8,7,3,0.0,0.0,1.0,8.0,4,3,1.0,6,0
1.0,0.0,2.0,24,5,1.0,0.0,4,2,1.0,0.0,10,7,1,0.0,1.0,1.0,6.0,3,2,1.0,6,0
1.0,0.0,2.0,22,5,1.0,0.0,6,2,1.0,1.0,2,8,1,1.0,1.0,1.0,7.0,2,1,1.0,3,1
1.0,1.0,2.0,19,8,1.0,0.0,3,5,0.0,0.0,10,5,8,1.0,1.0,1.0,9.0,4,1,0.0,6,0
0.0,1.0,2.0,21,20,1.0,0.0,4,4,0.0,0.0,4,7,2,1.0,1.0,1.0,8.0,3,4,0.0,7,0
1.0,1.0,2.0,21,5,1.0,0.0,5,5,0.0,0.0,5,6,2,0.0,1.0,1.0,6.0,3,3,0.0,6,0
0.0,1.0,2.0,21,5,1.0,0.0,6,3,0.0,1.0,5,4,1,0.0,0.0,1.0,8.0,3,2,1.0,4,0
1.0,1.0,2.0,21,5,1.0,0.0,4,2,0.0,0.0,3,5,2,1.0,1.0,1.0,7.0,3,2,0.0,8,0
0.0,1.0,2.0,20,4,1.0,0.0,5,5,0.0,0.0,2,7,2,0.0,1.0,0.0,7.0,4,3,0.0,8,0
0.0,0.0,2.0,25,20,1.0,0.0,4,4,1.0,1.0,3,8,2,1.0,1.0,1.0,5.0,5,5,1.0,9,2
1.0,1.0,2.0,21,4,1.0,0.0,4,4,1.0,0.0,5,7,2,1.0,1.0,1.0,8.0,4,3,0.0,6,1
1.0,1.0,2.0,23,6,1.0,0.0,4,4,0.0,1.0,2,7,1,0.0,1.0,1.0,6.0,5,5,1.0,9,2
1.0,1.0,2.0,21,3,1.0,0.0,4,4,1.0,1.0,4,8,3,0.0,0.0,0.0,6.0,4,3,0.0,6,0
0.0,1.0,2.0,23,6,2.0,1.0,4,2,0.0,1.0,6,8,2,1.0,1.0,0.0,5.0,4,4,0.0,6,0
0.0,1.0,2.0,21,3,1.0,0.0,4,5,0.0,0.0,2,7,1,0.0,1.0,0.0,8.0,3,3,0.0,10,0
0.0,1.0,2.0,21,5,2.0,0.0,5,4,0.0,1.0,7,8,1,1.0,1.0,1.0,7.0,3,5,1.0,7,2
1.0,1.0,2.0,20,9,2.0,0.0,4,3,0.0,0.0,2,7,2,1.0,0.0,1.0,9.0,2,3,1.0,7,0
1.0,1.0,2.0,20,20,0.0,0.0,7,1,1.0,0.0,1,7,2,1.0,1.0,1.0,1.0,1,1,1.0,8,0
1.0,1.0,2.0,21,10,1.0,0.0,6,2,0.0,1.0,8,7,1,1.0,0.0,0.0,8.0,1,1,0.0,6,1
1.0,1.0,2.0,21,7,1.0,0.0,4,4,0.0,0.0,5,9,1,1.0,1.0,0.0,9.0,3,2,0.0,7,1
0.0,0.0,2.0,24,6,1.0,1.0,5,2,0.0,1.0,6,8,1,1.0,0.0,1.0,6.0,4,4,0.0,9,2
1.0,1.0,2.0,22,3,1.0,0.0,10,4,0.0,1.0,6,8,3,1.0,1.0,1.0,7.0,1,1,1.0,2,1
0.0,1.0,2.0,20,5,1.0,0.0,5,5,0.0,1.0,5,6,3,1.0,1.0,1.0,8.0,3,3,0.0,8,1
1.0,1.0,2.0,22,6,2.0,0.0,3,2,1.0,0.0,10,2,10,0.0,0.0,1.0,2.0,1,1,0.0,2,2
0.0,1.0,2.0,20,7,1.0,0.0,4,5,1.0,1.0,1,7,4,1.0,1.0,1.0,8.0,4,4,0.0,4,1
1.0,1.0,2.0,21,5,1.0,0.0,4,5,1.0,0.0,1,7,4,1.0,1.0,1.0,9.0,5,5,0.0,10,0
1.0,1.0,2.0,20,20,1.0,0.0,4,5,0.0,0.0,1,5,8,1.0,1.0,0.0,8.0,3,3,0.0,4,1
0.0,0.0,2.0,21,3,1.0,0.0,3,1,0.0,0.0,1,4,2,1.0,1.0,0.0,8.0,1,1,1.0,2,1
0.0,1.0,2.0,21,2,1.0,0.0,4,3,0.0,0.0,4,5,4,0.0,0.0,0.0,8.0,3,1,1.0,6,0
0.0,1.0,2.0,23,6,1.0,0.0,4,4,0.0,1.0,5,6,1,0.0,0.0,0.0,6.0,3,3,1.0,6,0
0.0,1.0,2.0,19,6,1.0,0.0,4,5,1.0,0.0,4,8,2,0.0,0.0,1.0,8.0,3,3,1.0,8,0
0.0,1.0,1.0,20,7,1.0,0.0,4,5,0.0,0.0,1,6,8,0.0,1.0,0.0,7.0,1,1,0.0,6,1
0.0,0.0,2.0,24,6,2.0,0.0,4,2,1.0,1.0,8,4,1,1.0,1.0,1.0,7.0,4,3,1.0,7,2
0.0,1.0,2.0,22,3,1.0,0.0,4,5,1.0,0.0,2,8,1,0.0,1.0,1.0,8.0,4,1,0.0,8,1
1.0,1.0,2.0,21,4,1.0,2.0,5,4,1.0,0.0,5,7,5,0.0,0.0,0.0,9.0,4,4,1.0,10,0
1.0,0.0,1.0,12,8,1.0,0.0,3,4,0.0,0.0,2,10,6,1.0,0.0,0.0,8.0,5,4,2.0,6,0
0.0,1.0,2.0,18,1,1.0,0.0,4,4,1.0,0.0,4,7,3,1.0,1.0,1.0,7.0,3,3,1.0,9,0
0.0,0.0,2.0,25,20,2.0,0.0,5,3,1.0,0.0,8,8,3,1.0,1.0,0.0,5.0,4,5,0.0,10,0
1.0,1.0,2.0,19,9,1.0,0.0,4,5,0.0,0.0,4,6,2,0.0,1.0,0.0,7.0,5,5,1.0,9,2
1.0,1.0,1.0,19,5,1.0,0.0,3,5,0.0,0.0,3,7,3,1.0,1.0,0.0,9.0,2,1,1.0,3,1
1.0,1.0,2.0,21,16,1.0,0.0,3,4,0.0,0.0,3,7,2,0.0,1.0,0.0,8.0,3,2,0.0,5,1
1.0,1.0,2.0,21,19,2.0,0.0,6,3,1.0,1.0,4,7,10,0.0,0.0,0.0,5.0,4,5,1.0,8,2
1.0,0.0,2.0,19,7,2.0,0.0,5,3,0.0,0.0,3,7,2,1.0,1.0,0.0,6.0,3,3,1.0,6,0
1.0,1.0,2.0,17,6,1.0,0.0,5,5,0.0,0.0,4,7,1,0.0,1.0,0.0,8.0,4,4,2.0,8,2
1.0,1.0,2.0,21,5,1.0,0.0,5,5,1.0,1.0,4,7,2,0.0,0.0,0.0,7.0,2,4,1.0,9,0
1.0,1.0,2.0,21,6,1.0,0.0,5,5,1.0,1.0,3,7,1,0.0,1.0,1.0,8.0,2,1,1.0,4,1
0.0,1.0,2.0,21,5,1.0,2.0,4,5,0.0,0.0,4,8,5,0.0,0.0,0.0,8.0,3,3,1.0,7,0
0.0,1.0,2.0,21,3,1.0,0.0,4,4,0.0,0.0,3,8,1,0.0,0.0,0.0,8.0,3,3,0.0,7,0
1.0,1.0,2.0,21,5,1.0,0.0,4,4,1.0,0.0,4,7,1,0.0,1.0,1.0,7.0,2,2,1.0,8,0
0.0,1.0,2.0,19,6,2.0,0.0,3,5,1.0,0.0,7,8,1,1.0,0.0,1.0,7.0,5,5,2.0,10,2
1.0,1.0,2.0,21,8,1.0,0.0,4,4,1.0,0.0,2,10,8,1.0,1.0,0.0,7.0,1,1,0.0,4,1
0.0,0.0,2.0,20,7,1.0,0.0,5,4,0.0,1.0,8,8,3,0.0,1.0,0.0,7.0,3,3,0.0,8,0
0.0,1.0,0.0,34,10,1.0,0.0,2,4,0.0,0.0,2,6,1,0.0,0.0,1.0,6.0,4,4,1.0,9,2
1.0,1.0,2.0,24,5,1.0,0.0,5,3,0.0,0.0,3,7,5,0.0,0.0,0.0,7.0,3,3,1.0,6,0
1.0,1.0,2.0,21,5,1.0,0.0,7,5,1.0,1.0,6,7,3,1.0,1.0,0.0,8.0,3,5,0.0,6,0
0.0,1.0,2.0,23,4,1.0,2.0,10,5,1.0,1.0,6,6,10,1.0,0.0,1.0,5.0,5,5,1.0,9,0
1.0,1.0,2.0,21,8,1.0,0.0,5,3,0.0,1.0,8,5,1,0.0,1.0,0.0,9.0,4,4,0.0,7,0
0.0,0.0,2.0,24,6,1.0,0.0,6,3,0.0,1.0,10,6,2,0.0,0.0,1.0,7.0,3,3,1.0,8,2
1.0,1.0,2.0,20,6,1.0,0.0,5,5,1.0,0.0,3,3,8,1.0,0.0,1.0,9.0,1,1,0.0,8,1
0.0,1.0,2.0,20,9,1.0,0.0,4,4,1.0,1.0,8,7,3,1.0,1.0,1.0,8.0,3,2,0.0,6,0
1.0,1.0,2.0,23,6,1.0,0.0,3,3,0.0,0.0,2,4,2,0.0,0.0,1.0,6.0,3,3,0.0,6,2
1.0,1.0,2.0,18,5,1.0,0.0,4,3,0.0,1.0,8,6,2,0.0,1.0,0.0,7.0,4,3,1.0,6,0
0.0,1.0,2.0,18,5,2.0,0.0,4,4,0.0,0.0,4,7,2,0.0,0.0,0.0,9.0,3,3,1.0,6,0
1.0,1.0,2.0,21,8,1.0,0.0,4,4,0.0,0.0,4,6,2,0.0,1.0,0.0,8.0,5,4,0.0,8,0
0.0,1.0,2.0,18,5,1.0,0.0,4,2,0.0,1.0,4,7,3,0.0,0.0,0.0,8.0,2,2,2.0,5,0
0.0,1.0,2.0,18,6,1.0,0.0,4,5,1.0,0.0,4,6,2,0.0,1.0,0.0,9.0,3,3,0.0,8,0
1.0,0.0,0.0,23,8,2.0,0.0,4,4,0.0,0.0,6,6,1,0.0,0.0,0.0,8.0,4,3,1.0,5,2
1.0,1.0,0.0,21,13,2.0,0.0,4,3,0.0,0.0,4,6,4,1.0,1.0,0.0,5.0,3,3,0.0,8,0
1.0,1.0,0.0,21,20,2.0,0.0,10,4,1.0,1.0,5,5,4,1.0,1.0,0.0,6.0,2,1,1.0,8,0
1.0,0.0,0.0,21,9,2.0,0.0,4,5,1.0,0.0,7,8,4,1.0,1.0,0.0,6.0,5,5,1.0,7,0
1.0,1.0,0.0,21,5,1.0,0.0,4,4,1.0,0.0,3,8,8,1.0,1.0,1.0,7.0,3,3,1.0,4,0
1.0,1.0,2.0,17,5,0.0,0.0,4,5,1.0,1.0,4,7,1,1.0,1.0,0.0,8.0,4,4,0.0,8,0
1.0,1.0,1.0,18,5,2.0,0.0,6,3,0.0,1.0,5,6,6,0.0,1.0,1.0,5.0,2,2,0.0,9,0
1.0,1.0,2.0,21,7,2.0,0.0,4,4,0.0,1.0,1,7,6,1.0,1.0,1.0,6.0,1,1,0.0,4,0
0.0,1.0,0.0,24,1,2.0,0.0,3,2,0.0,0.0,8,5,7,1.0,0.0,1.0,8.0,4,4,1.0,9,1
0.0,0.0,0.0,24,5,2.0,0.0,5,3,0.0,0.0,4,6,2,1.0,0.0,0.0,5.0,3,4,0.0,8,2
0.0,0.0,2.0,22,5,1.0,0.0,4,3,0.0,1.0,5,7,3,1.0,0.0,1.0,6.0,3,2,1.0,5,1
0.0,1.0,2.0,20,9,1.0,0.0,4,5,0.0,0.0,4,9,8,0.0,1.0,1.0,4.0,1,3,0.0,7,0
0.0,1.0,2.0,23,6,2.0,0.0,5,4,0.0,1.0,6,7,3,1.0,0.0,1.0,9.0,3,5,0.0,5,0
1.0,0.0,0.0,21,3,1.0,0.0,4,3,0.0,0.0,5,8,6,1.0,1.0,0.0,7.0,2,1,1.0,8,0
0.0,0.0,2.0,22,5,1.0,0.0,5,3,0.0,1.0,6,8,2,1.0,0.0,0.0,4.0,5,4,0.0,8,2
1.0,1.0,2.0,20,8,1.0,0.0,5,5,1.0,1.0,7,8,3,1.0,1.0,0.0,9.0,5,5,0.0,8,2
0.0,1.0,2.0,20,6,1.0,0.0,5,5,0.0,0.0,3,8,6,0.0,1.0,0.0,7.0,3,2,2.0,5,1
1.0,0.0,2.0,23,6,2.0,1.0,5,1,1.0,0.0,3,8,2,1.0,0.0,0.0,4.0,2,2,0.0,5,0
1.0,1.0,0.0,24,19,1.0,0.0,4,4,0.0,1.0,6,6,1,1.0,1.0,1.0,7.0,4,4,0.0,9,0
1.0,1.0,0.0,40,10,1.0,0.0,3,4,0.0,0.0,3,6,1,0.0,1.0,0.0,5.0,4,3,1.0,7,2
1.0,1.0,2.0,20,8,2.0,0.0,5,4,1.0,1.0,4,6,3,1.0,1.0,0.0,6.0,4,4,2.0,8,2
1.0,1.0,0.0,27,7,1.0,0.0,4,4,0.0,0.0,2,6,2,1.0,1.0,0.0,7.0,4,3,1.0,10,0
1.0,1.0,2.0,19,8,2.0,0.0,7,1,0.0,0.0,4,7,1,0.0,0.0,1.0,5.0,2,1,2.0,9,2
1.0,0.0,2.0,18,7,2.0,0.0,5,3,1.0,0.0,1,9,1,1.0,0.0,0.0,7.0,3,3,2.0,6,0
0.0,0.0,2.0,19,7,2.0,0.0,4,3,0.0,1.0,5,5,2,0.0,0.0,1.0,6.0,5,4,2.0,10,2
0.0,0.0,2.0,20,7,2.0,0.0,4,4,0.0,1.0,4,5,2,0.0,0.0,1.0,7.0,5,5,2.0,10,2
0.0,1.0,2.0,22,5,2.0,0.0,5,2,1.0,1.0,5,4,1,1.0,0.0,1.0,1.0,4,4,2.0,10,2
1.0,0.0,2.0,21,8,2.0,0.0,3,2,1.0,1.0,4,7,1,0.0,1.0,1.0,6.0,4,3,1.0,7,0
1.0,0.0,2.0,20,8,1.0,1.0,6,3,0.0,1.0,3,6,1,1.0,1.0,0.0,8.0,3,3,1.0,7,0
1.0,0.0,1.0,18,10,2.0,0.0,4,3,0.0,1.0,2,10,2,1.0,1.0,1.0,8.0,3,3,1.0,7,0
1.0,0.0,1.0,18,10,2.0,0.0,4,3,0.0,1.0,2,9,4,1.0,0.0,0.0,8.0,3,3,1.0,5,0
0.0,0.0,2.0,19,5,1.0,0.0,4,5,0.0,1.0,1,7,2,1.0,1.0,0.0,6.0,5,5,1.0,10,2
0.0,0.0,2.0,20,6,2.0,2.0,5,4,0.0,1.0,4,7,3,1.0,1.0,1.0,7.0,5,4,0.0,10,2
0.0,1.0,2.0,19,6,0.0,0.0,4,5,0.0,1.0,3,9,2,0.0,1.0,1.0,7.0,4,3,1.0,8,2
0.0,1.0,2.0,19,6,2.0,0.0,3,1,0.0,0.0,4,6,2,1.0,0.0,1.0,5.0,5,5,0.0,10,2
0.0,1.0,2.0,21,6,1.0,0.0,5,3,0.0,1.0,7,7,2,1.0,1.0,0.0,6.0,4,3,2.0,7,2
0.0,1.0,2.0,20,5,2.0,0.0,4,4,1.0,1.0,4,8,4,1.0,1.0,1.0,4.0,3,2,2.0,6,2
0.0,1.0,2.0,20,8,2.0,0.0,4,4,0.0,0.0,3,9,4,1.0,0.0,1.0,6.0,4,4,0.0,6,2
0.0,0.0,2.0,19,5,1.0,0.0,4,5,0.0,1.0,4,5,2,0.0,1.0,1.0,7.0,5,5,0.0,10,2
0.0,1.0,2.0,20,6,2.0,0.0,4,1,0.0,0.0,8,7,2,1.0,0.0,0.0,6.0,3,4,2.0,5,2
0.0,1.0,2.0,19,6,1.0,0.0,5,5,1.0,1.0,8,7,1,0.0,1.0,1.0,8.0,4,4,1.0,8,0
0.0,1.0,2.0,19,6,1.0,0.0,7,4,0.0,1.0,4,5,1,1.0,1.0,1.0,7.0,2,2,0.0,6,0
0.0,1.0,2.0,22,5,1.0,0.0,4,4,0.0,1.0,6,6,3,0.0,1.0,1.0,6.0,3,3,2.0,6,0
1.0,1.0,0.0,37,12,1.0,0.0,4,5,1.0,1.0,4,8,3,1.0,1.0,1.0,8.0,5,5,0.0,10,2
0.0,0.0,2.0,23,5,1.0,0.0,5,3,0.0,1.0,5,5,3,0.0,1.0,1.0,6.0,3,3,2.0,6,0
1.0,1.0,2.0,21,7,1.0,0.0,4,4,1.0,1.0,6,7,2,0.0,1.0,1.0,9.0,3,4,1.0,7,0
1.0,1.0,2.0,20,6,1.0,0.0,4,4,0.0,1.0,4,9,2,1.0,0.0,0.0,7.0,5,5,2.0,8,2
1.0,1.0,2.0,20,6,1.0,0.0,4,5,0.0,1.0,4,8,2,1.0,1.0,0.0,7.0,4,4,0.0,8,2
1.0,1.0,2.0,20,7,1.0,0.0,3,5,1.0,0.0,4,8,2,1.0,1.0,1.0,8.0,4,4,0.0,9,2
1.0,1.0,2.0,20,7,1.0,0.0,3,2,0.0,0.0,5,7,1,1.0,1.0,0.0,7.0,1,1,0.0,6,1
1.0,1.0,2.0,20,6,1.0,0.0,4,5,1.0,0.0,2,8,6,1.0,1.0,1.0,8.0,2,1,0.0,7,1
1.0,1.0,2.0,20,6,2.0,0.0,5,3,0.0,1.0,3,7,2,0.0,1.0,0.0,7.0,4,4,2.0,7,0
0.0,1.0,2.0,20,5,1.0,0.0,4,5,0.0,1.0,3,6,1,0.0,1.0,1.0,6.0,5,5,2.0,10,2
1.0,1.0,1.0,19,7,2.0,0.0,4,5,0.0,1.0,8,7,1,0.0,0.0,0.0,8.0,1,1,0.0,2,1
1.0,1.0,2.0,20,6,1.0,0.0,4,4,0.0,0.0,3,8,2,1.0,0.0,0.0,7.0,3,2,0.0,6,0
1.0,1.0,2.0,20,12,1.0,2.0,5,5,1.0,1.0,3,7,1,0.0,1.0,1.0,7.0,1,1,0.0,2,1
1.0,1.0,2.0,21,7,1.0,0.0,6,3,0.0,0.0,8,8,4,1.0,1.0,0.0,8.0,1,2,0.0,5,1
1.0,0.0,2.0,21,14,1.0,0.0,8,4,1.0,1.0,3,7,3,1.0,0.0,1.0,7.0,4,5,0.0,7,0
1.0,1.0,2.0,20,7,1.0,0.0,4,4,0.0,1.0,7,5,4,1.0,1.0,1.0,7.0,4,3,0.0,6,0
0.0,1.0,2.0,20,6,2.0,0.0,4,4,1.0,0.0,6,9,2,1.0,0.0,0.0,7.0,3,2,0.0,6,0
1.0,1.0,2.0,19,6,1.0,0.0,4,4,0.0,0.0,3,8,2,1.0,1.0,0.0,8.0,3,3,0.0,5,0
0.0,1.0,2.0,20,6,2.0,0.0,4,4,1.0,0.0,3,10,4,1.0,0.0,1.0,5.0,5,4,2.0,8,2
1.0,1.0,2.0,21,6,1.0,0.0,4,4,1.0,1.0,3,7,2,1.0,1.0,1.0,8.0,4,4,0.0,8,2
1.0,1.0,2.0,20,7,1.0,0.0,6,3,1.0,1.0,8,7,2,1.0,1.0,1.0,8.0,3,3,0.0,6,2
0.0,1.0,1.0,20,6,1.0,0.0,5,4,1.0,0.0,3,8,2,0.0,1.0,0.0,7.0,4,4,1.0,8,2
1.0,1.0,2.0,21,7,1.0,0.0,3,3,1.0,1.0,7,5,1,0.0,1.0,0.0,8.0,3,3,0.0,6,0
0.0,1.0,0.0,24,15,1.0,0.0,4,3,0.0,0.0,6,7,3,0.0,0.0,1.0,8.0,3,3,1.0,4,0
0.0,1.0,1.0,20,6,1.0,2.0,5,5,1.0,0.0,4,6,4,0.0,1.0,0.0,7.0,3,3,2.0,5,2
1.0,1.0,1.0,17,7,2.0,0.0,4,1,0.0,0.0,6,6,1,1.0,0.0,0.0,8.0,3,5,1.0,6,0
1.0,1.0,1.0,18,6,2.0,0.0,3,3,0.0,0.0,3,8,1,1.0,1.0,1.0,7.0,3,4,0.0,5,0
1.0,1.0,2.0,18,8,1.0,0.0,4,5,1.0,1.0,7,8,1,1.0,1.0,0.0,7.0,2,1,2.0,9,1
0.0,1.0,2.0,20,7,1.0,0.0,4,5,1.0,0.0,4,8,2,0.0,1.0,1.0,8.0,5,5,0.0,9,0
1.0,0.0,2.0,18,7,2.0,0.0,6,4,0.0,1.0,5,8,2,1.0,0.0,0.0,5.0,2,3,1.0,6,0
1.0,0.0,2.0,18,12,1.0,0.0,4,4,0.0,1.0,5,7,1,1.0,1.0,0.0,8.0,4,4,1.0,8,0
1.0,0.0,2.0,20,6,2.0,0.0,4,2,1.0,1.0,2,8,1,1.0,0.0,1.0,7.0,3,3,0.0,9,0
1.0,1.0,1.0,20,7,2.0,0.0,4,4,1.0,1.0,3,6,4,1.0,1.0,1.0,7.0,3,3,1.0,8,0
1.0,1.0,2.0,21,7,1.0,0.0,4,4,1.0,1.0,5,7,3,1.0,1.0,0.0,9.0,3,3,0.0,7,0
0.0,1.0,2.0,17,5,1.0,0.0,6,4,0.0,1.0,6,8,1,0.0,1.0,0.0,9.0,3,3,1.0,5,0
1.0,1.0,2.0,22,6,1.0,0.0,7,4,0.0,0.0,3,9,5,0.0,1.0,0.0,4.0,3,4,1.0,7,2
1.0,0.0,2.0,17,8,0.0,0.0,4,3,1.0,1.0,4,7,2,1.0,1.0,0.0,8.0,4,3,0.0,6,0
0.0,1.0,2.0,19,6,2.0,0.0,4,3,0.0,0.0,4,10,10,1.0,1.0,0.0,6.0,3,2,1.0,6,0
1.0,1.0,2.0,19,5,2.0,0.0,3,5,1.0,1.0,6,6,2,1.0,1.0,1.0,8.0,5,5,0.0,10,2
1.0,1.0,2.0,20,5,1.0,0.0,6,5,1.0,1.0,6,6,2,1.0,1.0,1.0,8.0,3,3,0.0,8,2
1.0,0.0,2.0,18,7,1.0,0.0,4,2,1.0,1.0,4,8,2,1.0,1.0,1.0,8.0,3,2,0.0,6,1
1.0,1.0,2.0,20,6,1.0,0.0,3,4,0.0,1.0,7,8,2,1.0,1.0,0.0,8.0,3,2,1.0,7,0
1.0,0.0,2.0,20,7,1.0,0.0,5,3,0.0,0.0,7,6,1,1.0,1.0,0.0,9.0,4,3,1.0,7,0
1.0,1.0,2.0,20,7,1.0,0.0,3,3,1.0,0.0,3,5,2,1.0,0.0,0.0,5.0,3,3,1.0,6,2
1.0,1.0,2.0,20,7,1.0,0.0,3,3,1.0,1.0,4,7,1,1.0,1.0,0.0,7.0,3,3,1.0,8,0
1.0,0.0,2.0,18,7,1.0,0.0,4,3,0.0,1.0,7,7,2,1.0,1.0,1.0,9.0,3,4,1.0,6,0
0.0,1.0,0.0,18,7,1.0,0.0,4,3,0.0,1.0,4,6,2,0.0,0.0,0.0,8.0,2,1,2.0,4,0
1.0,1.0,2.0,21,7,1.0,0.0,4,4,0.0,1.0,6,7,2,1.0,1.0,0.0,8.0,4,3,1.0,7,0
1.0,0.0,2.0,20,6,1.0,0.0,4,3,0.0,0.0,4,8,2,0.0,1.0,0.0,8.0,1,3,0.0,8,1
1.0,0.0,2.0,18,7,1.0,0.0,4,3,1.0,1.0,2,7,1,1.0,0.0,0.0,7.0,1,1,0.0,3,1
1.0,0.0,2.0,17,8,2.0,0.0,4,4,0.0,0.0,7,7,2,1.0,1.0,0.0,8.0,3,4,2.0,7,0
1.0,0.0,2.0,18,6,2.0,0.0,4,2,1.0,1.0,1,7,4,1.0,0.0,0.0,4.0,2,2,1.0,5,1
0.0,1.0,2.0,20,6,1.0,0.0,4,2,0.0,0.0,6,7,2,0.0,0.0,0.0,8.0,1,2,2.0,5,0
1.0,0.0,0.0,18,14,2.0,0.0,4,1,0.0,1.0,6,8,4,0.0,1.0,1.0,8.0,3,4,1.0,9,0
1.0,0.0,0.0,17,8,1.0,0.0,4,3,1.0,1.0,4,9,2,0.0,1.0,1.0,6.0,1,2,1.0,6,1
1.0,0.0,2.0,18,6,2.0,0.0,4,3,0.0,1.0,8,8,4,0.0,0.0,1.0,8.0,4,5,1.0,9,0
1.0,1.0,0.0,19,8,2.0,0.0,4,4,0.0,0.0,3,6,1,0.0,1.0,0.0,8.0,4,3,2.0,7,0
1.0,0.0,0.0,18,11,2.0,0.0,5,1,0.0,1.0,8,5,1,0.0,0.0,1.0,7.0,1,4,1.0,6,1
1.0,1.0,2.0,20,7,1.0,0.0,4,4,0.0,0.0,4,6,2,0.0,0.0,0.0,8.0,3,4,0.0,8,2
1.0,1.0,2.0,17,8,2.0,0.0,5,1,1.0,1.0,8,8,2,0.0,0.0,0.0,7.0,1,1,2.0,4,1
1.0,1.0,0.0,20,8,1.0,0.0,4,4,1.0,1.0,4,5,2,1.0,1.0,0.0,8.0,3,3,2.0,7,0
1.0,1.0,2.0,20,7,1.0,0.0,9,4,1.0,0.0,8,7,2,0.0,0.0,1.0,7.0,3,2,1.0,7,1
1.0,1.0,2.0,20,7,1.0,0.0,4,4,0.0,0.0,2,8,2,0.0,1.0,0.0,8.0,2,2,0.0,8,0
0.0,1.0,0.0,22,4,1.0,0.0,4,4,1.0,1.0,3,6,2,1.0,1.0,1.0,7.0,3,3,1.0,6,0
1.0,0.0,2.0,21,7,1.0,0.0,4,3,0.0,1.0,8,5,1,1.0,1.0,0.0,8.0,3,2,0.0,6,1
1.0,1.0,2.0,21,8,1.0,0.0,3,2,0.0,1.0,8,8,1,1.0,1.0,0.0,8.0,2,2,0.0,8,1
1.0,1.0,2.0,20,7,1.0,0.0,5,5,1.0,0.0,6,6,2,1.0,1.0,0.0,8.0,4,1,0.0,7,1
1.0,1.0,2.0,20,8,1.0,0.0,4,4,0.0,0.0,10,7,1,1.0,0.0,0.0,8.0,2,2,0.0,6,0
0.0,1.0,2.0,20,7,1.0,0.0,4,5,1.0,0.0,4,6,3,0.0,0.0,1.0,9.0,3,3,0.0,8,2
1.0,1.0,2.0,20,6,1.0,0.0,4,4,1.0,1.0,5,7,3,1.0,1.0,0.0,7.0,3,3,2.0,5,0
1.0,1.0,2.0,20,5,1.0,0.0,5,3,0.0,1.0,9,5,1,0.0,1.0,1.0,7.0,2,2,1.0,5,1
0.0,1.0,2.0,17,6,1.0,0.0,4,4,0.0,1.0,5,8,2,1.0,1.0,0.0,9.0,3,3,0.0,8,0
1.0,0.0,0.0,18,7,1.0,0.0,4,4,0.0,0.0,8,8,1,1.0,0.0,0.0,5.0,1,1,1.0,8,0
1.0,1.0,2.0,20,7,1.0,0.0,4,3,1.0,0.0,4,7,2,1.0,1.0,0.0,8.0,3,2,1.0,4,1
0.0,1.0,2.0,19,6,2.0,0.0,4,2,0.0,1.0,8,7,2,1.0,0.0,1.0,7.0,5,5,1.0,10,2
1.0,0.0,2.0,19,5,2.0,0.0,6,1,0.0,0.0,6,6,1,0.0,0.0,0.0,8.0,1,1,0.0,2,1
0.0,1.0,2.0,18,7,1.0,0.0,4,4,0.0,0.0,4,7,2,0.0,0.0,0.0,8.0,3,3,2.0,6,0
1.0,1.0,2.0,21,11,2.0,2.0,5,5,1.0,1.0,5,8,1,0.0,1.0,1.0,7.0,5,5,1.0,10,2
0.0,1.0,2.0,18,8,1.0,0.0,4,5,0.0,1.0,5,8,1,1.0,1.0,1.0,9.0,5,5,1.0,9,2
0.0,1.0,2.0,20,8,1.0,0.0,4,4,0.0,1.0,2,7,2,0.0,0.0,1.0,7.0,3,3,0.0,9,2
0.0,1.0,2.0,21,7,1.0,0.0,4,3,0.0,0.0,7,8,2,1.0,1.0,0.0,8.0,1,1,0.0,4,1
0.0,0.0,2.0,19,7,2.0,0.0,4,4,0.0,1.0,2,5,2,0.0,1.0,0.0,7.0,3,4,0.0,7,0
1.0,0.0,2.0,20,6,2.0,0.0,4,3,1.0,0.0,2,8,6,1.0,0.0,1.0,7.0,3,4,1.0,6,0
0.0,1.0,2.0,20,6,1.0,0.0,5,4,0.0,1.0,3,8,2,0.0,1.0,1.0,7.0,3,4,0.0,8,0
1.0,0.0,2.0,19,7,2.0,0.0,4,2,0.0,0.0,7,7,1,0.0,0.0,1.0,6.0,3,3,0.0,6,0
1.0,0.0,2.0,20,7,2.0,1.0,5,2,0.0,0.0,6,7,4,0.0,0.0,1.0,7.0,3,2,0.0,6,2
0.0,1.0,2.0,20,6,1.0,0.0,5,3,0.0,1.0,1,8,10,1.0,1.0,1.0,7.0,2,4,2.0,6,1
1.0,0.0,2.0,20,7,2.0,0.0,4,3,0.0,0.0,5,8,6,1.0,1.0,0.0,6.0,3,3,1.0,8,2
1.0,0.0,2.0,19,6,2.0,0.0,4,5,0.0,0.0,3,8,4,1.0,1.0,1.0,8.0,5,3,2.0,8,2
0.0,1.0,2.0,21,7,1.0,0.0,3,5,1.0,0.0,5,8,1,1.0,1.0,0.0,7.0,5,5,2.0,10,2
0.0,0.0,2.0,18,7,2.0,0.0,4,2,0.0,1.0,6,4,1,1.0,0.0,1.0,7.0,4,3,1.0,10,2
1.0,0.0,2.0,19,7,2.0,0.0,5,4,1.0,1.0,4,6,4,1.0,0.0,1.0,8.0,3,3,1.0,9,2
1.0,0.0,1.0,20,8,2.0,0.0,4,2,0.0,0.0,4,8,5,1.0,0.0,0.0,8.0,4,4,0.0,10,2
0.0,1.0,2.0,21,6,1.0,0.0,4,3,0.0,1.0,7,8,3,0.0,1.0,1.0,8.0,3,3,0.0,7,0
1.0,0.0,2.0,21,7,2.0,0.0,4,3,1.0,0.0,9,8,2,1.0,0.0,1.0,7.0,5,4,0.0,9,2
0.0,1.0,2.0,20,6,1.0,0.0,4,4,0.0,0.0,6,8,5,1.0,1.0,1.0,8.0,5,5,2.0,10,0
1.0,0.0,2.0,19,6,0.0,0.0,3,4,0.0,1.0,4,6,4,0.0,1.0,0.0,4.0,3,2,1.0,8,2
0.0,1.0,2.0,20,6,2.0,0.0,4,4,0.0,1.0,6,7,3,0.0,0.0,0.0,9.0,3,2,1.0,4,1
0.0,1.0,2.0,19,6,2.0,0.0,4,5,0.0,1.0,5,8,6,1.0,0.0,1.0,5.0,5,5,0.0,10,2
1.0,1.0,2.0,21,7,1.0,0.0,4,2,1.0,1.0,5,8,2,1.0,1.0,1.0,8.0,3,3,1.0,6,0
1.0,0.0,0.0,40,10,0.0,0.0,3,4,0.0,0.0,5,6,1,0.0,1.0,0.0,6.0,5,4,0.0,10,2
1.0,1.0,2.0,21,7,1.0,0.0,4,5,0.0,0.0,5,8,2,0.0,1.0,0.0,8.0,1,1,0.0,4,0
1.0,0.0,2.0,21,6,1.0,0.0,10,3,0.0,0.0,1,1,10,1.0,0.0,1.0,3.0,2,1,2.0,2,2
0.0,1.0,2.0,19,7,1.0,0.0,4,3,0.0,1.0,5,4,1,1.0,0.0,1.0,7.0,3,3,1.0,6,1
0.0,1.0,1.0,18,6,1.0,1.0,5,4,1.0,1.0,2,6,2,1.0,0.0,0.0,6.0,1,1,0.0,3,1
0.0,1.0,2.0,19,5,1.0,0.0,4,3,1.0,0.0,3,7,1,1.0,0.0,1.0,6.0,4,3,2.0,6,0
0.0,1.0,2.0,24,5,2.0,0.0,5,4,0.0,0.0,2,6,1,0.0,1.0,1.0,7.0,3,3,1.0,7,0
0.0,1.0,1.0,18,8,1.0,0.0,6,5,0.0,1.0,5,8,2,0.0,1.0,0.0,7.0,3,3,1.0,7,2
0.0,1.0,2.0,19,5,1.0,0.0,3,3,0.0,0.0,5,5,2,1.0,0.0,1.0,6.0,2,3,2.0,7,2
0.0,0.0,2.0,18,6,2.0,0.0,4,3,0.0,1.0,5,7,1,1.0,0.0,0.0,7.0,3,4,0.0,8,0
1.0,1.0,2.0,25,6,1.0,0.0,5,3,0.0,1.0,3,7,3,1.0,1.0,1.0,6.0,4,4,1.0,7,2
1.0,1.0,2.0,18,6,2.0,0.0,5,2,1.0,1.0,3,8,2,1.0,1.0,1.0,8.0,2,3,1.0,7,1
0.0,1.0,2.0,19,8,1.0,0.0,4,3,0.0,0.0,6,7,2,1.0,0.0,0.0,7.0,3,1,1.0,6,0
1.0,1.0,2.0,18,12,2.0,0.0,4,3,0.0,1.0,8,8,4,1.0,0.0,0.0,7.0,4,4,1.0,9,2
0.0,1.0,1.0,17,6,1.0,0.0,3,3,1.0,1.0,4,7,1,1.0,1.0,1.0,8.0,3,3,2.0,6,0
1.0,1.0,2.0,20,4,1.0,0.0,4,3,0.0,1.0,1,6,5,1.0,1.0,0.0,7.0,3,3,2.0,8,2
1.0,1.0,0.0,17,7,2.0,1.0,4,3,0.0,1.0,2,8,3,1.0,0.0,0.0,8.0,2,3,0.0,4,0
0.0,1.0,2.0,17,6,1.0,0.0,4,2,0.0,0.0,7,8,2,1.0,1.0,1.0,9.0,3,2,2.0,6,0
1.0,0.0,2.0,18,6,1.0,0.0,4,4,0.0,0.0,2,5,2,1.0,1.0,1.0,3.0,1,1,1.0,3,0
1.0,0.0,2.0,17,8,1.0,0.0,3,3,1.0,0.0,4,8,1,0.0,1.0,0.0,9.0,1,2,1.0,6,1
0.0,1.0,1.0,19,8,2.0,0.0,4,3,0.0,0.0,3,9,2,0.0,1.0,1.0,4.0,2,2,0.0,4,0
0.0,0.0,2.0,18,8,2.0,0.0,4,3,0.0,1.0,4,6,1,0.0,1.0,0.0,9.0,3,2,2.0,5,0
0.0,1.0,2.0,19,6,1.0,0.0,3,4,1.0,1.0,4,6,2,1.0,1.0,1.0,7.0,3,3,1.0,6,0
0.0,1.0,0.0,19,8,1.0,0.0,4,4,0.0,1.0,2,8,3,0.0,0.0,1.0,6.0,4,4,1.0,8,0
0.0,1.0,2.0,18,5,1.0,0.0,4,3,0.0,0.0,4,7,1,0.0,1.0,0.0,9.0,3,5,0.0,8,0
1.0,1.0,2.0,18,13,1.0,0.0,4,4,0.0,1.0,4,2,2,0.0,0.0,0.0,7.0,3,2,2.0,7,0
0.0,1.0,2.0,18,9,1.0,0.0,4,5,0.0,1.0,4,6,1,0.0,1.0,0.0,9.0,4,4,1.0,9,0
0.0,1.0,2.0,17,7,1.0,0.0,6,4,0.0,0.0,2,7,5,0.0,0.0,0.0,7.0,1,1,2.0,5,0
0.0,1.0,2.0,17,7,2.0,0.0,5,2,0.0,1.0,4,6,5,0.0,1.0,0.0,8.0,3,3,1.0,7,0
1.0,0.0,0.0,18,7,2.0,0.0,4,3,0.0,1.0,7,9,1,0.0,0.0,0.0,8.0,3,3,1.0,4,0
0.0,0.0,0.0,20,5,1.0,0.0,4,3,0.0,1.0,4,7,4,1.0,0.0,1.0,8.0,3,3,0.0,7,0
0.0,0.0,0.0,17,8,1.0,0.0,3,3,0.0,1.0,3,6,1,1.0,1.0,0.0,6.0,4,4,0.0,6,0
1.0,0.0,0.0,18,8,1.0,0.0,10,2,1.0,1.0,8,7,2,1.0,0.0,1.0,8.0,1,2,1.0,4,1
1.0,1.0,1.0,17,8,1.0,0.0,4,3,1.0,0.0,5,8,2,0.0,1.0,0.0,8.0,3,2,1.0,8,2
0.0,1.0,2.0,18,7,1.0,0.0,4,4,0.0,1.0,4,7,3,1.0,1.0,1.0,8.0,3,2,1.0,5,1
0.0,0.0,2.0,18,5,1.0,0.0,4,3,0.0,0.0,4,5,3,0.0,1.0,0.0,8.0,3,3,0.0,8,0
0.0,0.0,2.0,18,7,1.0,0.0,4,4,0.0,0.0,8,8,1,0.0,0.0,0.0,8.0,3,4,1.0,8,0
1.0,1.0,2.0,18,7,1.0,1.0,3,3,0.0,1.0,3,7,1,1.0,1.0,1.0,8.0,3,3,2.0,8,0
1.0,1.0,1.0,17,8,2.0,0.0,4,4,0.0,0.0,1,9,3,1.0,1.0,0.0,9.0,2,2,1.0,6,1
1.0,1.0,2.0,18,11,1.0,0.0,4,3,1.0,1.0,3,8,2,1.0,1.0,1.0,8.0,3,3,1.0,6,0
0.0,1.0,1.0,17,8,1.0,0.0,4,3,0.0,1.0,2,7,1,0.0,1.0,0.0,8.0,3,3,1.0,6,0
0.0,1.0,2.0,17,8,1.0,0.0,4,4,0.0,0.0,8,6,2,0.0,1.0,0.0,8.0,3,2,2.0,3,0
1.0,1.0,2.0,19,6,1.0,0.0,10,3,1.0,1.0,7,7,1,1.0,1.0,0.0,7.0,1,1,1.0,8,1
1.0,0.0,0.0,18,12,2.0,1.0,5,3,0.0,1.0,4,6,1,0.0,0.0,0.0,7.0,5,4,2.0,10,0
1.0,0.0,2.0,17,8,1.0,0.0,5,4,0.0,1.0,6,7,2,0.0,1.0,0.0,8.0,4,2,2.0,6,0
1.0,0.0,2.0,18,8,1.0,0.0,4,3,1.0,0.0,4,6,2,0.0,1.0,0.0,9.0,3,3,0.0,6,1
0.0,1.0,2.0,18,8,1.0,0.0,4,4,0.0,1.0,4,6,2,0.0,1.0,0.0,8.0,3,4,2.0,7,0
1.0,0.0,1.0,17,7,1.0,0.0,4,3,1.0,0.0,5,6,1,1.0,1.0,0.0,7.0,3,2,1.0,2,1
0.0,0.0,2.0,17,5,1.0,0.0,5,3,0.0,1.0,5,6,1,1.0,1.0,0.0,7.0,3,3,1.0,6,2
1.0,0.0,2.0,18,7,1.0,0.0,5,3,0.0,0.0,6,8,2,1.0,1.0,0.0,8.0,3,3,1.0,6,1
0.0,0.0,2.0,20,7,1.0,0.0,4,3,0.0,0.0,4,10,6,0.0,0.0,0.0,7.0,2,3,0.0,4,0
1.0,0.0,2.0,18,9,1.0,0.0,5,5,0.0,1.0,8,8,1,0.0,1.0,0.0,9.0,4,3,0.0,8,2
1.0,1.0,2.0,17,7,1.0,0.0,4,4,1.0,1.0,3,7,1,0.0,1.0,0.0,8.0,3,4,1.0,7,2
1.0,0.0,2.0,17,8,0.0,0.0,4,3,0.0,1.0,6,7,2,0.0,0.0,1.0,8.0,3,3,2.0,5,0
0.0,1.0,0.0,18,8,1.0,0.0,4,3,1.0,1.0,3,5,1,1.0,1.0,1.0,7.0,3,3,2.0,6,0
1.0,1.0,2.0,18,6,2.0,0.0,3,4,0.0,0.0,3,8,1,1.0,1.0,0.0,7.0,3,5,2.0,8,2
0.0,0.0,1.0,18,6,1.0,0.0,4,4,0.0,1.0,4,8,1,0.0,0.0,1.0,8.0,4,5,1.0,8,2
1.0,1.0,2.0,18,11,1.0,0.0,4,3,0.0,0.0,3,8,2,1.0,1.0,0.0,8.0,2,2,1.0,4,0
0.0,0.0,2.0,19,8,2.0,0.0,6,2,0.0,0.0,4,6,1,0.0,0.0,0.0,7.0,2,1,1.0,6,0
1.0,1.0,2.0,19,6,2.0,0.0,4,5,0.0,1.0,5,8,3,0.0,1.0,1.0,7.0,3,3,0.0,6,0
0.0,1.0,2.0,17,6,1.0,0.0,3,5,0.0,1.0,3,7,2,1.0,1.0,0.0,9.0,3,2,1.0,6,0
1.0,1.0,2.0,18,7,1.0,0.0,5,3,1.0,1.0,6,6,2,1.0,0.0,0.0,8.0,3,4,1.0,7,0
1.0,0.0,0.0,20,9,2.0,0.0,4,4,0.0,1.0,2,9,3,1.0,0.0,1.0,7.0,3,3,0.0,7,1
1.0,1.0,2.0,17,6,2.0,0.0,4,3,0.0,1.0,2,7,1,1.0,0.0,0.0,8.0,3,3,1.0,6,0
0.0,1.0,2.0,18,8,1.0,0.0,4,4,0.0,0.0,8,6,1,0.0,1.0,0.0,8.0,3,3,2.0,7,0
0.0,1.0,2.0,18,6,1.0,0.0,4,4,0.0,0.0,3,8,2,0.0,1.0,0.0,8.0,3,4,1.0,8,0
0.0,0.0,1.0,18,6,1.0,0.0,4,5,0.0,0.0,7,9,5,1.0,0.0,1.0,9.0,3,3,1.0,7,2
1.0,0.0,2.0,18,7,1.0,0.0,4,3,1.0,1.0,2,6,2,1.0,1.0,1.0,6.0,3,3,2.0,9,1
1.0,1.0,0.0,17,8,1.0,0.0,4,3,0.0,1.0,3,6,2,1.0,0.0,1.0,8.0,3,3,2.0,7,0
0.0,0.0,1.0,18,8,1.0,0.0,5,3,0.0,1.0,4,6,1,1.0,0.0,0.0,9.0,4,3,2.0,7,2
1.0,1.0,2.0,18,6,1.0,0.0,4,2,0.0,1.0,6,8,1,0.0,1.0,0.0,9.0,3,3,1.0,6,0
1.0,0.0,2.0,18,8,1.0,0.0,4,4,1.0,1.0,8,8,1,0.0,1.0,0.0,9.0,3,3,2.0,6,2
0.0,1.0,2.0,18,6,1.0,0.0,4,4,0.0,1.0,2,8,5,0.0,0.0,0.0,8.0,3,3,2.0,7,0
1.0,1.0,1.0,18,5,1.0,0.0,3,5,1.0,0.0,3,8,2,1.0,0.0,1.0,7.0,4,5,1.0,8,0
1.0,0.0,1.0,18,8,1.0,0.0,5,3,0.0,1.0,2,6,3,1.0,1.0,0.0,8.0,3,4,1.0,8,2
1.0,1.0,0.0,17,8,1.0,0.0,4,3,0.0,1.0,3,6,2,1.0,0.0,1.0,8.0,3,3,2.0,6,0
1.0,0.0,2.0,17,8,1.0,0.0,4,3,0.0,0.0,8,8,4,0.0,1.0,0.0,8.0,3,3,1.0,7,0
1.0,1.0,1.0,18,7,1.0,0.0,4,4,0.0,1.0,8,8,2,0.0,1.0,0.0,9.0,5,5,1.0,10,0
1.0,0.0,2.0,18,11,1.0,0.0,4,3,0.0,0.0,2,7,2,1.0,0.0,0.0,5.0,2,2,2.0,4,0
1.0,0.0,2.0,19,7,2.0,0.0,4,5,0.0,0.0,5,8,2,0.0,1.0,1.0,8.0,2,2,0.0,4,0
0.0,1.0,2.0,17,8,0.0,0.0,4,4,0.0,0.0,3,7,2,1.0,0.0,1.0,8.0,1,1,1.0,5,0
1.0,1.0,2.0,17,8,1.0,0.0,4,3,1.0,1.0,2,6,1,1.0,0.0,1.0,7.0,3,1,1.0,5,0
0.0,0.0,1.0,18,6,1.0,0.0,6,3,1.0,1.0,3,7,1,0.0,1.0,1.0,8.0,4,4,1.0,8,2
0.0,1.0,1.0,17,5,1.0,0.0,4,4,1.0,1.0,3,7,2,0.0,1.0,0.0,9.0,4,4,0.0,8,0
1.0,0.0,2.0,17,8,1.0,0.0,4,4,1.0,1.0,3,7,2,0.0,1.0,1.0,6.0,3,2,1.0,6,0
0.0,1.0,1.0,18,8,1.0,0.0,4,4,1.0,1.0,4,7,1,1.0,0.0,0.0,8.0,3,3,1.0,8,2
1.0,1.0,2.0,17,12,1.0,0.0,5,3,0.0,0.0,4,5,1,1.0,1.0,0.0,7.0,4,3,1.0,5,0
1.0,1.0,0.0,17,7,1.0,0.0,4,3,1.0,1.0,2,10,6,1.0,1.0,1.0,7.0,3,3,2.0,7,2
0.0,1.0,2.0,18,8,1.0,0.0,4,4,1.0,0.0,3,8,2,0.0,1.0,0.0,8.0,3,4,1.0,8,0
1.0,0.0,2.0,18,7,1.0,0.0,4,2,1.0,0.0,3,7,1,1.0,0.0,0.0,7.0,1,1,1.0,2,1
1.0,1.0,2.0,20,7,2.0,0.0,2,4,1.0,1.0,4,8,2,1.0,1.0,1.0,8.0,3,2,1.0,6,0
0.0,1.0,2.0,19,7,1.0,0.0,4,4,0.0,1.0,9,5,3,0.0,1.0,1.0,8.0,4,3,2.0,4,0
1.0,1.0,2.0,18,11,1.0,0.0,4,3,0.0,1.0,5,8,6,0.0,1.0,0.0,9.0,1,1,0.0,2,1
1.0,1.0,0.0,18,7,1.0,0.0,3,1,0.0,0.0,4,8,1,0.0,0.0,0.0,7.0,1,2,2.0,7,1
1.0,1.0,2.0,17,11,1.0,0.0,6,4,0.0,1.0,2,8,1,1.0,1.0,1.0,8.0,3,3,1.0,8,0
1.0,1.0,1.0,17,6,1.0,0.0,4,3,0.0,0.0,3,8,1,0.0,1.0,1.0,8.0,3,3,0.0,6,0
1.0,1.0,0.0,20,8,2.0,0.0,6,3,0.0,1.0,5,7,2,1.0,0.0,0.0,6.0,4,5,0.0,8,2
1.0,1.0,2.0,21,7,1.0,0.0,4,5,0.0,0.0,2,6,1,1.0,1.0,0.0,9.0,1,2,1.0,4,1
1.0,0.0,2.0,17,12,1.0,0.0,5,2,1.0,1.0,4,7,2,1.0,1.0,0.0,7.0,2,3,1.0,4,1
0.0,0.0,0.0,18,6,1.0,0.0,6,4,0.0,0.0,8,7,2,0.0,0.0,0.0,9.0,3,3,2.0,5,0
1.0,1.0,2.0,17,11,2.0,0.0,4,4,1.0,1.0,5,6,7,1.0,1.0,1.0,5.0,3,3,1.0,7,0
1.0,0.0,2.0,17,8,1.0,1.0,6,5,0.0,1.0,4,8,2,1.0,1.0,1.0,8.0,2,3,1.0,9,0
0.0,0.0,0.0,18,12,1.0,0.0,5,3,0.0,1.0,3,6,2,0.0,0.0,0.0,8.0,3,3,0.0,6,0
0.0,0.0,2.0,18,8,2.0,1.0,4,3,0.0,0.0,3,8,1,0.0,0.0,0.0,9.0,1,1,1.0,4,0
1.0,1.0,0.0,17,6,2.0,0.0,4,2,1.0,0.0,3,6,2,1.0,1.0,1.0,6.0,2,2,2.0,4,0
1.0,0.0,2.0,17,6,1.0,0.0,4,3,0.0,1.0,2,8,2,1.0,1.0,0.0,7.0,2,3,1.0,6,0
1.0,0.0,1.0,20,8,1.0,1.0,5,2,0.0,0.0,4,8,6,0.0,0.0,1.0,8.0,1,1,2.0,2,1
1.0,1.0,1.0,17,6,0.0,0.0,3,1,0.0,0.0,1,6,1,1.0,1.0,0.0,7.0,1,1,0.0,2,1
1.0,0.0,2.0,19,6,2.0,0.0,4,3,1.0,0.0,2,6,2,1.0,1.0,1.0,8.0,3,3,1.0,5,0
0.0,1.0,2.0,17,6,2.0,0.0,4,4,0.0,1.0,8,6,1,1.0,0.0,0.0,7.0,3,3,2.0,4,1
0.0,1.0,0.0,17,6,1.0,0.0,5,4,1.0,1.0,5,8,1,0.0,1.0,1.0,8.0,2,3,2.0,7,1
1.0,0.0,2.0,19,9,1.0,0.0,6,2,0.0,1.0,5,6,2,1.0,0.0,0.0,9.0,1,1,1.0,5,2
1.0,0.0,2.0,21,8,1.0,0.0,6,3,1.0,0.0,4,9,1,0.0,1.0,0.0,5.0,3,2,2.0,4,0
1.0,0.0,2.0,17,7,1.0,1.0,5,3,0.0,1.0,8,7,2,1.0,0.0,0.0,8.0,3,4,1.0,8,0
1.0,0.0,0.0,18,8,1.0,0.0,6,3,0.0,0.0,5,7,1,0.0,1.0,0.0,7.0,3,3,1.0,5,0
0.0,1.0,0.0,19,6,2.0,0.0,4,3,0.0,0.0,5,5,2,0.0,0.0,0.0,3.0,3,3,1.0,6,0
0.0,0.0,2.0,20,9,1.0,0.0,4,3,0.0,0.0,9,7,3,0.0,1.0,1.0,9.0,4,4,1.0,9,0
1.0,1.0,1.0,19,8,1.0,0.0,4,3,0.0,1.0,8,8,1,1.0,1.0,1.0,6.0,4,4,0.0,7,2
1.0,0.0,0.0,17,12,1.0,1.0,4,1,0.0,0.0,2,6,1,1.0,0.0,0.0,8.0,1,1,2.0,5,1
0.0,1.0,1.0,17,6,1.0,0.0,4,4,0.0,1.0,4,7,6,1.0,1.0,1.0,7.0,3,3,2.0,8,0
0.0,1.0,2.0,19,6,2.0,0.0,4,2,0.0,0.0,3,6,3,1.0,0.0,1.0,5.0,3,3,0.0,5,2
1.0,1.0,2.0,18,20,1.0,0.0,4,2,1.0,1.0,9,6,1,1.0,1.0,0.0,7.0,1,2,1.0,5,1
1.0,1.0,2.0,19,6,1.0,0.0,5,3,0.0,1.0,7,9,1,1.0,0.0,0.0,8.0,3,3,0.0,6,0
0.0,1.0,2.0,18,7,1.0,0.0,6,3,0.0,1.0,6,7,1,1.0,0.0,0.0,6.0,3,3,0.0,6,0
1.0,0.0,2.0,19,6,2.0,0.0,3,3,0.0,0.0,10,6,1,0.0,0.0,0.0,8.0,4,4,0.0,6,0
1.0,0.0,2.0,19,6,1.0,0.0,3,2,0.0,0.0,5,5,1,0.0,0.0,0.0,8.0,3,4,0.0,8,0
0.0,0.0,1.0,17,12,2.0,0.0,4,2,0.0,0.0,4,8,1,1.0,1.0,1.0,4.0,2,4,1.0,7,1
0.0,1.0,0.0,20,7,1.0,0.0,4,3,0.0,0.0,2,8,2,0.0,0.0,1.0,7.0,2,2,0.0,3,0
1.0,1.0,0.0,18,8,0.0,0.0,4,3,0.0,1.0,4,6,1,0.0,1.0,0.0,5.0,4,4,1.0,6,2
0.0,1.0,2.0,20,8,1.0,0.0,10,4,0.0,0.0,8,7,3,1.0,0.0,0.0,7.0,3,3,1.0,4,0
1.0,1.0,1.0,17,8,1.0,0.0,4,2,0.0,0.0,3,8,2,0.0,1.0,0.0,7.0,3,3,2.0,6,2
1.0,1.0,1.0,17,8,1.0,0.0,4,2,0.0,0.0,3,8,2,0.0,1.0,0.0,7.0,2,2,2.0,6,2
1.0,0.0,2.0,18,7,1.0,0.0,3,3,1.0,1.0,5,8,1,1.0,1.0,0.0,7.0,2,2,1.0,5,1
0.0,1.0,2.0,19,6,1.0,0.0,4,2,0.0,1.0,4,7,3,0.0,0.0,0.0,9.0,3,3,1.0,6,0
0.0,1.0,2.0,17,7,1.0,0.0,5,4,0.0,1.0,6,7,1,0.0,1.0,0.0,7.0,2,2,2.0,5,1
0.0,1.0,2.0,18,8,1.0,0.0,5,4,0.0,1.0,3,7,1,1.0,0.0,0.0,9.0,3,4,1.0,7,0
1.0,0.0,1.0,17,8,1.0,0.0,4,3,0.0,1.0,8,8,1,0.0,1.0,1.0,8.0,4,4,2.0,8,2
0.0,1.0,2.0,17,6,1.0,0.0,5,3,0.0,1.0,2,6,1,0.0,1.0,0.0,8.0,3,3,2.0,6,0
0.0,1.0,0.0,18,6,2.0,0.0,6,4,0.0,0.0,2,7,4,0.0,0.0,0.0,9.0,3,2,1.0,5,0
0.0,0.0,2.0,17,7,1.0,0.0,4,4,0.0,1.0,6,8,2,1.0,1.0,1.0,7.0,3,3,2.0,8,0
1.0,1.0,2.0,18,6,2.0,0.0,4,2,0.0,1.0,7,8,2,1.0,0.0,0.0,7.0,2,2,2.0,7,0
0.0,1.0,2.0,17,6,1.0,0.0,5,3,0.0,1.0,2,6,1,0.0,1.0,0.0,7.0,3,3,2.0,6,0
0.0,1.0,2.0,18,6,1.0,0.0,4,4,0.0,1.0,4,8,1,1.0,1.0,0.0,8.0,4,4,2.0,8,0
0.0,1.0,2.0,20,7,1.0,0.0,4,4,0.0,1.0,5,5,2,1.0,0.0,1.0,7.0,3,3,1.0,7,0
0.0,0.0,2.0,19,6,1.0,0.0,4,3,0.0,1.0,5,7,2,0.0,0.0,0.0,8.0,4,3,2.0,8,0
0.0,0.0,2.0,18,8,1.0,0.0,4,4,1.0,0.0,3,8,1,1.0,0.0,0.0,6.0,3,3,2.0,6,0
1.0,0.0,2.0,21,7,1.0,0.0,5,3,0.0,0.0,3,8,2,0.0,0.0,0.0,8.0,1,2,0.0,4,1
0.0,1.0,2.0,18,5,2.0,0.0,5,2,1.0,0.0,1,8,1,0.0,0.0,1.0,8.0,3,1,2.0,6,1
1.0,0.0,2.0,18,6,2.0,0.0,4,2,1.0,0.0,1,7,5,1.0,0.0,0.0,4.0,1,1,1.0,4,1
1.0,0.0,2.0,18,6,1.0,0.0,4,4,0.0,1.0,4,7,1,0.0,1.0,1.0,8.0,4,4,1.0,8,1
1.0,0.0,2.0,19,8,1.0,0.0,4,3,0.0,0.0,4,8,2,1.0,0.0,0.0,9.0,2,2,1.0,4,0
1.0,0.0,2.0,19,6,1.0,0.0,4,3,0.0,1.0,3,8,2,1.0,0.0,0.0,8.0,3,3,1.0,6,0
1.0,1.0,2.0,18,6,2.0,1.0,5,3,0.0,1.0,5,7,6,1.0,0.0,0.0,8.0,4,3,1.0,7,0
1.0,1.0,1.0,19,7,1.0,0.0,4,3,0.0,0.0,4,8,5,0.0,0.0,0.0,6.0,3,3,1.0,5,0
0.0,0.0,2.0,19,6,2.0,0.0,5,3,0.0,0.0,3,7,1,1.0,0.0,0.0,7.0,3,2,2.0,5,0
1.0,1.0,2.0,21,7,1.0,0.0,6,4,1.0,1.0,10,8,1,1.0,1.0,1.0,7.0,4,3,0.0,8,2
1.0,1.0,2.0,18,5,1.0,0.0,4,4,0.0,1.0,3,8,4,1.0,1.0,0.0,4.0,1,2,2.0,8,1
1.0,1.0,2.0,21,7,1.0,0.0,6,4,1.0,1.0,10,8,1,1.0,1.0,1.0,7.0,4,4,0.0,8,2
1.0,1.0,2.0,18,8,1.0,0.0,5,3,0.0,1.0,1,7,2,0.0,0.0,0.0,7.0,3,1,1.0,8,0
0.0,1.0,1.0,19,6,1.0,0.0,4,4,0.0,1.0,4,6,1,0.0,1.0,0.0,8.0,4,3,0.0,8,2
1.0,1.0,2.0,19,5,2.0,0.0,6,4,1.0,1.0,3,8,4,1.0,1.0,0.0,7.0,4,4,1.0,7,0
1.0,0.0,2.0,19,5,2.0,0.0,4,4,0.0,1.0,8,8,2,1.0,0.0,0.0,7.0,3,4,1.0,7,0
1.0,1.0,2.0,19,6,2.0,0.0,4,4,0.0,1.0,4,8,3,1.0,0.0,0.0,7.0,5,5,1.0,8,2
0.0,1.0,2.0,19,7,1.0,2.0,5,5,0.0,0.0,10,8,2,0.0,1.0,0.0,9.0,3,3,1.0,9,1
0.0,0.0,2.0,18,7,2.0,0.0,7,2,0.0,0.0,5,8,2,0.0,0.0,1.0,7.0,4,3,2.0,6,0
1.0,1.0,2.0,20,7,2.0,0.0,4,3,0.0,0.0,2,8,1,1.0,0.0,0.0,8.0,2,2,1.0,7,0
0.0,1.0,2.0,20,7,1.0,0.0,4,4,0.0,1.0,6,8,4,0.0,1.0,1.0,7.0,4,5,2.0,8,0
1.0,0.0,2.0,19,7,2.0,0.0,4,4,0.0,0.0,2,7,1,1.0,1.0,1.0,8.0,4,3,0.0,8,0
1.0,1.0,2.0,20,6,1.0,0.0,4,4,0.0,0.0,3,6,3,1.0,1.0,1.0,8.0,1,1,0.0,6,1
1.0,1.0,2.0,19,7,1.0,0.0,2,4,0.0,0.0,1,8,2,1.0,0.0,1.0,7.0,1,1,1.0,4,1
0.0,0.0,2.0,18,6,2.0,0.0,10,3,1.0,1.0,6,8,4,1.0,1.0,0.0,8.0,3,3,2.0,9,0
1.0,0.0,2.0,19,6,2.0,0.0,6,4,1.0,1.0,3,8,2,0.0,0.0,0.0,7.0,4,4,2.0,9,2
1.0,1.0,2.0,19,7,1.0,0.0,3,1,1.0,1.0,2,8,1,1.0,1.0,1.0,7.0,1,1,1.0,2,1
1.0,0.0,2.0,19,7,2.0,1.0,5,3,1.0,1.0,6,8,1,1.0,1.0,0.0,9.0,2,2,1.0,8,0
0.0,0.0,2.0,18,7,2.0,0.0,5,3,0.0,1.0,6,7,5,0.0,0.0,0.0,6.0,3,3,2.0,7,2
1.0,1.0,2.0,19,6,1.0,0.0,4,3,0.0,1.0,2,6,1,0.0,0.0,0.0,8.0,4,4,0.0,8,0
0.0,1.0,2.0,18,7,2.0,0.0,3,5,1.0,1.0,6,7,2,1.0,1.0,0.0,8.0,5,5,0.0,10,2
1.0,0.0,2.0,21,7,2.0,0.0,4,2,0.0,0.0,2,8,1,0.0,0.0,1.0,8.0,2,3,1.0,7,0
1.0,1.0,2.0,18,7,1.0,0.0,4,1,0.0,1.0,3,7,2,0.0,1.0,1.0,7.0,2,2,1.0,4,0
0.0,1.0,2.0,18,7,1.0,0.0,4,3,0.0,1.0,5,6,2,0.0,1.0,0.0,9.0,3,3,1.0,7,2
1.0,1.0,2.0,19,7,1.0,0.0,5,2,0.0,0.0,4,4,1,1.0,1.0,0.0,9.0,1,1,1.0,6,1
1.0,0.0,1.0,19,7,1.0,0.0,9,3,0.0,0.0,10,8,3,1.0,0.0,0.0,8.0,2,1,1.0,6,0
0.0,1.0,2.0,19,7,2.0,0.0,4,3,1.0,0.0,5,8,3,0.0,0.0,0.0,8.0,4,4,2.0,8,0
0.0,0.0,2.0,19,7,1.0,0.0,5,4,0.0,0.0,7,9,3,0.0,1.0,0.0,7.0,4,3,2.0,8,0
1.0,0.0,2.0,20,7,2.0,0.0,3,4,0.0,0.0,3,7,3,1.0,1.0,1.0,6.0,3,3,2.0,7,2
0.0,0.0,2.0,18,5,1.0,0.0,8,3,1.0,1.0,9,5,2,1.0,1.0,1.0,9.0,3,3,1.0,6,0
0.0,0.0,2.0,20,8,1.0,0.0,6,2,0.0,1.0,8,6,2,0.0,1.0,0.0,8.0,3,3,1.0,6,1
1.0,1.0,2.0,18,5,1.0,0.0,3,3,0.0,1.0,3,8,3,0.0,0.0,0.0,7.0,3,3,0.0,10,0
0.0,1.0,2.0,20,13,2.0,0.0,8,2,0.0,1.0,4,5,2,0.0,0.0,1.0,6.0,3,4,2.0,7,2
1.0,1.0,2.0,20,8,2.0,0.0,5,4,1.0,0.0,3,6,2,1.0,1.0,0.0,7.0,4,4,2.0,7,2
1.0,1.0,2.0,20,13,2.0,0.0,4,1,0.0,1.0,5,6,2,1.0,0.0,1.0,7.0,3,2,1.0,9,0
1.0,0.0,2.0,18,5,1.0,0.0,4,4,0.0,0.0,1,7,2,1.0,0.0,0.0,5.0,4,4,2.0,7,0
1.0,1.0,2.0,20,8,2.0,0.0,5,3,1.0,0.0,7,8,2,1.0,0.0,1.0,6.0,3,2,0.0,8,0
1.0,0.0,0.0,20,7,1.0,0.0,4,5,0.0,1.0,4,8,3,1.0,1.0,0.0,5.0,5,5,2.0,10,2
1.0,0.0,2.0,21,7,2.0,0.0,3,4,0.0,0.0,7,7,4,0.0,0.0,0.0,8.0,2,2,1.0,8,0
1.0,0.0,2.0,20,7,2.0,0.0,4,3,1.0,0.0,7,7,2,1.0,0.0,0.0,7.0,3,2,2.0,7,0
1.0,0.0,2.0,21,7,2.0,0.0,4,2,0.0,1.0,3,6,2,1.0,1.0,1.0,6.0,2,2,1.0,4,0
1.0,0.0,2.0,20,7,2.0,0.0,5,3,0.0,1.0,2,8,4,1.0,1.0,0.0,7.0,3,3,2.0,6,2
0.0,0.0,2.0,18,6,2.0,0.0,4,3,0.0,1.0,1,8,3,1.0,1.0,0.0,9.0,3,3,1.0,7,0
1.0,1.0,2.0,20,7,2.0,0.0,5,3,0.0,0.0,2,7,1,0.0,1.0,0.0,7.0,3,3,0.0,8,2
0.0,1.0,2.0,20,7,2.0,0.0,5,3,0.0,1.0,6,8,4,0.0,0.0,1.0,7.0,3,2,2.0,6,0
1.0,0.0,2.0,20,8,2.0,0.0,4,3,1.0,0.0,6,6,1,0.0,1.0,0.0,6.0,5,3,2.0,7,2
1.0,1.0,2.0,18,6,1.0,0.0,4,3,0.0,1.0,4,8,3,1.0,1.0,0.0,7.0,3,3,2.0,8,2
1.0,0.0,2.0,23,7,1.0,0.0,4,4,0.0,0.0,4,7,4,0.0,1.0,1.0,8.0,4,2,1.0,9,2
1.0,0.0,2.0,20,7,2.0,0.0,3,3,0.0,0.0,2,8,1,0.0,1.0,1.0,6.0,3,3,1.0,7,0
1.0,0.0,2.0,21,7,2.0,0.0,4,3,1.0,0.0,7,7,2,0.0,1.0,0.0,7.0,3,3,2.0,5,2
1.0,0.0,1.0,17,7,1.0,0.0,4,3,0.0,1.0,3,8,4,1.0,0.0,0.0,9.0,2,2,0.0,9,2
1.0,0.0,2.0,20,7,2.0,0.0,7,3,1.0,0.0,1,9,4,1.0,1.0,0.0,5.0,1,1,1.0,3,0
1.0,0.0,2.0,20,8,2.0,0.0,4,4,0.0,0.0,1,8,1,0.0,1.0,0.0,7.0,4,5,2.0,10,2
1.0,0.0,2.0,19,7,2.0,0.0,4,3,0.0,1.0,5,7,3,1.0,1.0,1.0,5.0,4,4,2.0,8,2
1.0,1.0,2.0,19,12,1.0,0.0,4,4,0.0,1.0,5,8,3,1.0,1.0,0.0,7.0,3,3,1.0,6,0
1.0,0.0,2.0,20,13,2.0,0.0,4,2,0.0,0.0,3,6,3,0.0,0.0,1.0,7.0,2,3,2.0,6,1
1.0,1.0,2.0,21,8,2.0,0.0,10,4,0.0,1.0,2,8,1,1.0,1.0,1.0,6.0,3,3,2.0,5,2
1.0,0.0,2.0,21,7,2.0,0.0,6,2,0.0,0.0,2,6,1,0.0,0.0,0.0,6.0,4,3,2.0,8,2
1.0,0.0,2.0,18,5,2.0,0.0,4,3,0.0,0.0,1,7,2,0.0,0.0,0.0,5.0,3,4,2.0,7,0
1.0,1.0,2.0,20,7,2.0,0.0,4,2,1.0,1.0,5,8,2,0.0,0.0,0.0,6.0,4,4,2.0,10,2
1.0,0.0,2.0,20,13,2.0,0.0,3,2,0.0,0.0,4,7,5,1.0,0.0,0.0,6.0,3,3,2.0,5,1
1.0,1.0,2.0,19,13,1.0,0.0,4,3,0.0,0.0,2,7,3,1.0,1.0,0.0,6.0,5,3,1.0,7,2
1.0,1.0,0.0,18,12,2.0,0.0,10,5,0.0,0.0,4,8,2,1.0,1.0,0.0,5.0,5,5,2.0,10,2
1.0,0.0,2.0,20,7,2.0,0.0,4,4,0.0,0.0,5,7,3,1.0,1.0,0.0,8.0,4,3,2.0,7,2
1.0,1.0,2.0,18,6,2.0,1.0,4,2,0.0,0.0,4,6,2,0.0,0.0,0.0,7.0,2,2,1.0,4,1
1.0,1.0,2.0,19,7,1.0,0.0,6,5,1.0,1.0,4,7,10,0.0,0.0,1.0,8.0,5,2,1.0,7,1
1.0,1.0,2.0,18,6,1.0,0.0,4,5,1.0,0.0,3,7,2,1.0,1.0,0.0,7.0,3,2,1.0,7,1
1.0,0.0,1.0,20,7,2.0,0.0,4,3,0.0,0.0,4,7,2,1.0,0.0,1.0,7.0,4,4,2.0,9,2
0.0,1.0,2.0,19,7,1.0,0.0,4,3,0.0,0.0,8,7,2,1.0,0.0,0.0,7.0,4,4,1.0,6,0
1.0,1.0,2.0,17,5,1.0,0.0,3,4,1.0,0.0,2,7,3,0.0,1.0,0.0,7.0,1,3,2.0,3,1
1.0,0.0,2.0,17,12,1.0,0.0,3,4,1.0,1.0,3,8,1,0.0,1.0,1.0,6.0,4,4,1.0,6,0
1.0,0.0,2.0,19,6,2.0,0.0,4,2,1.0,0.0,2,7,1,1.0,1.0,0.0,5.0,1,1,2.0,4,0
1.0,0.0,2.0,19,7,2.0,0.0,5,4,1.0,1.0,2,7,2,1.0,1.0,0.0,6.0,2,2,2.0,5,0
1.0,0.0,2.0,19,7,2.0,0.0,6,4,0.0,0.0,1,8,1,1.0,1.0,0.0,7.0,4,3,2.0,8,2
1.0,0.0,2.0,18,7,2.0,0.0,4,2,0.0,0.0,5,7,3,0.0,0.0,0.0,8.0,3,3,1.0,7,0
1.0,0.0,2.0,22,7,2.0,0.0,8,3,0.0,0.0,3,8,3,1.0,1.0,0.0,7.0,3,4,0.0,7,2
0.0,1.0,2.0,19,6,2.0,0.0,3,3,0.0,0.0,6,7,2,0.0,0.0,1.0,6.0,3,4,2.0,7,0
1.0,1.0,2.0,20,7,1.0,0.0,5,4,1.0,1.0,3,6,1,1.0,1.0,1.0,7.0,3,2,0.0,8,1
1.0,0.0,2.0,20,6,1.0,0.0,4,4,1.0,1.0,3,8,3,1.0,0.0,1.0,7.0,3,3,2.0,6,0
0.0,1.0,0.0,20,7,1.0,0.0,4,3,0.0,1.0,5,7,3,1.0,0.0,0.0,7.0,3,4,0.0,8,0
1.0,0.0,1.0,18,7,1.0,1.0,4,2,0.0,0.0,7,7,3,0.0,0.0,0.0,6.0,3,3,2.0,7,2
1.0,0.0,2.0,19,6,1.0,0.0,4,3,0.0,1.0,2,7,2,1.0,0.0,0.0,7.0,1,2,2.0,8,2
1.0,1.0,0.0,20,8,1.0,0.0,4,5,1.0,0.0,5,2,2,1.0,0.0,1.0,6.0,3,5,1.0,8,2
0.0,0.0,0.0,19,20,1.0,0.0,4,4,0.0,0.0,2,8,1,0.0,0.0,0.0,8.0,3,2,2.0,5,0
1.0,1.0,2.0,18,7,1.0,0.0,4,3,0.0,0.0,3,8,5,0.0,1.0,0.0,7.0,2,3,0.0,6,2
1.0,0.0,2.0,20,5,2.0,0.0,10,4,1.0,1.0,4,7,5,1.0,0.0,1.0,6.0,4,4,1.0,8,2
0.0,1.0,2.0,19,8,1.0,0.0,5,5,0.0,0.0,4,7,5,0.0,1.0,0.0,7.0,3,3,2.0,8,0
1.0,1.0,2.0,20,5,2.0,0.0,5,4,1.0,1.0,6,8,1,1.0,1.0,1.0,8.0,3,3,1.0,5,0
0.0,1.0,2.0,18,5,2.0,1.0,6,3,0.0,1.0,6,5,1,1.0,1.0,1.0,7.0,3,5,1.0,10,0
1.0,1.0,2.0,21,8,1.0,0.0,4,5,0.0,0.0,6,6,2,1.0,1.0,0.0,7.0,5,5,1.0,8,0
0.0,0.0,2.0,19,7,1.0,0.0,4,4,0.0,1.0,4,7,2,1.0,1.0,0.0,9.0,3,4,1.0,8,0
1.0,1.0,2.0,21,8,1.0,0.0,5,4,0.0,1.0,6,7,3,1.0,1.0,0.0,7.0,4,3,0.0,6,0
1.0,0.0,2.0,20,20,1.0,0.0,4,4,1.0,1.0,6,8,2,1.0,1.0,1.0,7.0,4,4,2.0,8,2
0.0,0.0,2.0,19,7,2.0,0.0,4,3,1.0,1.0,4,5,2,0.0,1.0,0.0,7.0,3,3,2.0,7,0
1.0,0.0,2.0,19,7,2.0,0.0,5,3,1.0,0.0,3,7,2,1.0,0.0,1.0,7.0,3,3,2.0,6,2
1.0,0.0,2.0,19,7,2.0,0.0,5,3,0.0,1.0,6,1,2,1.0,1.0,1.0,7.0,3,3,0.0,7,0
1.0,0.0,0.0,20,8,1.0,0.0,5,4,1.0,1.0,3,6,3,0.0,0.0,1.0,7.0,1,2,1.0,7,1
1.0,1.0,2.0,19,6,1.0,0.0,4,5,1.0,1.0,4,6,3,1.0,1.0,0.0,7.0,3,3,2.0,6,0
0.0,1.0,2.0,18,5,2.0,0.0,4,4,1.0,1.0,4,6,5,0.0,0.0,1.0,7.0,5,5,0.0,8,0
1.0,1.0,2.0,20,8,2.0,0.0,5,4,1.0,1.0,2,6,1,0.0,0.0,0.0,7.0,4,3,0.0,8,0
1.0,1.0,2.0,19,7,1.0,0.0,4,3,0.0,1.0,5,6,1,1.0,0.0,0.0,8.0,4,4,0.0,8,0
1.0,0.0,2.0,19,5,2.0,0.0,5,2,0.0,0.0,2,8,1,1.0,1.0,0.0,8.0,2,1,1.0,7,0
0.0,1.0,2.0,18,5,1.0,0.0,4,1,0.0,0.0,1,10,10,1.0,0.0,1.0,8.0,1,1,0.0,6,1
1.0,1.0,2.0,19,7,1.0,0.0,3,3,0.0,1.0,4,6,3,1.0,1.0,1.0,8.0,3,3,2.0,6,0
1.0,0.0,2.0,18,7,2.0,0.0,4,4,0.0,0.0,5,8,2,1.0,0.0,0.0,7.0,4,4,2.0,8,0
1.0,0.0,2.0,20,7,2.0,0.0,4,4,0.0,1.0,9,8,3,0.0,0.0,0.0,7.0,3,4,0.0,8,0
1.0,1.0,2.0,19,6,2.0,0.0,3,2,1.0,0.0,2,8,4,1.0,0.0,0.0,7.0,1,1,0.0,5,1
1.0,0.0,2.0,19,7,2.0,0.0,4,3,0.0,1.0,5,6,4,0.0,0.0,0.0,8.0,3,3,2.0,6,0
1.0,1.0,1.0,17,7,0.0,0.0,3,4,1.0,1.0,2,6,1,1.0,1.0,1.0,5.0,3,3,1.0,6,0
1.0,0.0,2.0,17,8,0.0,0.0,3,4,1.0,1.0,2,6,2,1.0,1.0,1.0,5.0,2,2,2.0,8,0
0.0,1.0,2.0,22,5,1.0,0.0,3,3,0.0,0.0,4,8,7,0.0,1.0,0.0,7.0,3,3,2.0,6,0
0.0,0.0,2.0,22,6,2.0,0.0,6,3,1.0,1.0,4,6,3,1.0,1.0,1.0,7.0,3,3,1.0,6,0
1.0,1.0,2.0,28,4,1.0,0.0,6,3,0.0,1.0,5,6,1,0.0,0.0,0.0,7.0,4,4,0.0,8,0
1.0,1.0,2.0,24,5,1.0,0.0,5,4,1.0,0.0,2,8,1,1.0,0.0,0.0,6.0,3,3,0.0,6,0
1.0,0.0,0.0,22,6,2.0,0.0,4,3,0.0,0.0,5,8,3,1.0,1.0,1.0,6.0,3,2,0.0,7,0
1.0,0.0,0.0,25,5,2.0,0.0,5,1,0.0,0.0,4,8,2,1.0,0.0,0.0,6.0,3,3,1.0,6,1
1.0,1.0,0.0,21,20,1.0,0.0,4,5,1.0,0.0,1,8,10,1.0,1.0,0.0,4.0,1,1,1.0,2,2
1.0,1.0,0.0,26,9,1.0,0.0,6,4,1.0,1.0,1,5,10,1.0,0.0,1.0,6.0,2,1,1.0,4,0
1.0,1.0,0.0,21,20,1.0,0.0,4,4,1.0,0.0,5,8,1,1.0,1.0,0.0,9.0,3,3,0.0,8,0
0.0,0.0,2.0,18,6,2.0,0.0,4,4,0.0,1.0,2,6,2,1.0,0.0,0.0,7.0,4,4,0.0,10,2
1.0,1.0,0.0,18,12,1.0,0.0,3,4,0.0,0.0,6,7,1,1.0,1.0,0.0,7.0,2,2,1.0,7,0
0.0,1.0,2.0,19,6,1.0,0.0,4,3,0.0,0.0,1,6,3,1.0,0.0,1.0,7.0,3,1,2.0,7,2
1.0,0.0,2.0,18,8,2.0,1.0,3,3,0.0,0.0,4,9,1,1.0,0.0,0.0,9.0,4,4,2.0,8,0
1.0,0.0,2.0,17,5,2.0,1.0,4,1,0.0,0.0,3,5,2,1.0,0.0,0.0,5.0,1,1,1.0,2,1
0.0,0.0,2.0,18,5,2.0,0.0,6,3,0.0,0.0,4,8,3,1.0,1.0,1.0,9.0,3,5,1.0,10,2
1.0,0.0,2.0,17,5,2.0,0.0,6,4,1.0,1.0,6,7,2,0.0,1.0,0.0,9.0,2,2,1.0,9,0
0.0,1.0,2.0,17,5,2.0,0.0,4,5,0.0,1.0,4,8,2,0.0,0.0,0.0,4.0,5,5,2.0,10,2
1.0,1.0,1.0,17,5,2.0,0.0,4,3,1.0,1.0,4,6,2,1.0,1.0,0.0,8.0,1,1,1.0,8,1
0.0,1.0,2.0,18,5,2.0,0.0,4,5,1.0,0.0,5,8,1,1.0,0.0,1.0,4.0,5,5,2.0,10,2
0.0,1.0,2.0,18,8,2.0,0.0,4,5,0.0,1.0,8,8,1,0.0,1.0,0.0,8.0,5,5,0.0,10,2
1.0,0.0,2.0,17,5,2.0,0.0,4,3,0.0,0.0,5,7,1,0.0,1.0,1.0,8.0,3,4,1.0,8,2
0.0,1.0,2.0,17,6,2.0,0.0,4,5,0.0,1.0,4,8,2,0.0,0.0,0.0,4.0,5,5,2.0,10,2
0.0,1.0,2.0,18,6,2.0,0.0,4,5,0.0,1.0,4,8,2,0.0,0.0,0.0,8.0,3,3,2.0,4,0
0.0,1.0,2.0,17,6,2.0,0.0,4,5,0.0,1.0,5,8,2,0.0,0.0,0.0,4.0,5,5,2.0,10,2
1.0,0.0,2.0,18,6,2.0,1.0,3,3,1.0,0.0,8,8,1,0.0,1.0,0.0,7.0,3,4,0.0,6,0
0.0,0.0,2.0,18,8,2.0,1.0,5,1,0.0,0.0,8,8,1,0.0,0.0,0.0,8.0,5,4,2.0,10,0
1.0,0.0,2.0,17,6,1.0,0.0,2,4,0.0,1.0,2,5,2,1.0,0.0,1.0,4.0,2,1,1.0,3,0
1.0,0.0,2.0,17,5,2.0,0.0,4,3,0.0,1.0,1,10,10,1.0,0.0,1.0,2.0,5,1,1.0,6,0
1.0,0.0,2.0,18,10,1.0,0.0,4,2,1.0,0.0,6,6,1,1.0,0.0,0.0,6.0,5,3,1.0,10,2
1.0,0.0,2.0,18,5,2.0,0.0,3,4,0.0,1.0,4,7,2,1.0,0.0,0.0,7.0,5,4,2.0,9,2
1.0,1.0,2.0,17,5,2.0,0.0,4,3,0.0,1.0,3,8,2,1.0,0.0,0.0,8.0,2,2,2.0,4,0
1.0,0.0,2.0,17,7,2.0,0.0,4,5,0.0,1.0,4,5,4,1.0,0.0,0.0,7.0,5,5,2.0,7,2
1.0,0.0,2.0,18,5,2.0,1.0,6,4,0.0,0.0,5,7,1,0.0,1.0,0.0,7.0,5,5,2.0,10,2
1.0,0.0,2.0,18,7,2.0,0.0,5,4,0.0,0.0,6,7,1,1.0,0.0,0.0,8.0,4,4,2.0,7,2
1.0,0.0,2.0,17,7,2.0,0.0,4,4,1.0,1.0,8,8,3,1.0,0.0,0.0,9.0,1,2,0.0,2,1
1.0,0.0,2.0,18,7,2.0,0.0,4,3,0.0,1.0,5,8,2,1.0,0.0,0.0,8.0,3,3,0.0,8,2
0.0,0.0,2.0,18,8,2.0,1.0,4,3,0.0,1.0,2,8,1,0.0,0.0,1.0,8.0,3,3,0.0,6,0
0.0,1.0,0.0,17,5,1.0,0.0,4,5,0.0,0.0,3,8,1,0.0,1.0,1.0,7.0,4,4,2.0,7,2
1.0,0.0,2.0,18,7,2.0,1.0,5,3,0.0,0.0,5,8,2,1.0,1.0,1.0,6.0,4,4,0.0,6,0
0.0,0.0,2.0,19,5,2.0,0.0,4,3,0.0,1.0,3,7,3,1.0,1.0,1.0,8.0,1,1,1.0,4,0
0.0,1.0,2.0,17,7,2.0,0.0,4,4,1.0,1.0,5,9,3,1.0,0.0,0.0,9.0,3,3,1.0,9,0
0.0,1.0,2.0,18,5,2.0,0.0,4,1,0.0,1.0,1,7,1,0.0,0.0,0.0,9.0,1,1,1.0,5,1
0.0,1.0,2.0,18,5,2.0,0.0,3,2,0.0,0.0,1,6,1,1.0,0.0,0.0,8.0,2,1,1.0,5,1
0.0,0.0,2.0,18,5,2.0,1.0,6,3,0.0,0.0,4,6,1,0.0,0.0,0.0,9.0,5,4,2.0,6,2
0.0,0.0,2.0,17,5,2.0,0.0,5,3,0.0,0.0,1,7,1,1.0,0.0,0.0,9.0,2,2,0.0,4,0
0.0,0.0,2.0,17,5,2.0,0.0,4,3,0.0,0.0,4,8,2,1.0,0.0,1.0,8.0,3,4,1.0,7,0
0.0,0.0,2.0,18,7,2.0,1.0,5,2,0.0,0.0,2,7,2,0.0,0.0,0.0,9.0,3,4,1.0,5,0
0.0,0.0,2.0,18,5,2.0,1.0,6,5,0.0,0.0,6,6,1,0.0,0.0,0.0,9.0,3,3,2.0,6,2
1.0,1.0,2.0,17,5,2.0,0.0,6,5,1.0,0.0,4,7,2,1.0,0.0,1.0,4.0,4,4,1.0,10,2
0.0,0.0,2.0,18,7,2.0,1.0,5,5,0.0,0.0,2,7,1,0.0,0.0,0.0,0.0,2,2,2.0,5,0
0.0,1.0,2.0,17,5,2.0,0.0,4,3,0.0,1.0,1,6,5,0.0,0.0,0.0,7.0,4,1,1.0,4,0
0.0,0.0,2.0,18,5,2.0,1.0,4,5,0.0,0.0,3,6,2,0.0,1.0,0.0,8.0,2,2,2.0,5,2
0.0,1.0,2.0,18,5,2.0,1.0,6,2,0.0,0.0,6,7,1,0.0,0.0,0.0,9.0,3,2,0.0,3,0
1.0,1.0,2.0,18,4,2.0,0.0,4,4,0.0,1.0,1,8,10,0.0,1.0,0.0,5.0,1,1,1.0,4,1
0.0,1.0,2.0,18,4,1.0,0.0,6,5,0.0,1.0,10,7,2,0.0,1.0,0.0,8.0,3,3,1.0,9,0
0.0,0.0,2.0,19,6,2.0,0.0,6,3,0.0,1.0,6,6,4,0.0,0.0,0.0,7.0,2,3,1.0,7,0
0.0,0.0,2.0,17,7,2.0,1.0,4,4,0.0,1.0,2,8,3,0.0,0.0,0.0,9.0,2,2,1.0,3,1
1.0,0.0,2.0,23,5,1.0,0.0,5,4,1.0,1.0,3,7,4,1.0,0.0,1.0,6.0,3,2,1.0,5,0
1.0,1.0,2.0,21,6,1.0,0.0,10,3,1.0,1.0,4,6,3,1.0,0.0,1.0,7.0,4,3,0.0,8,2
1.0,1.0,2.0,21,5,1.0,1.0,4,5,1.0,1.0,1,8,4,1.0,0.0,0.0,8.0,4,1,1.0,7,1
0.0,1.0,2.0,21,5,2.0,0.0,4,4,0.0,0.0,4,10,3,0.0,1.0,1.0,8.0,4,4,1.0,8,0
1.0,1.0,2.0,18,6,1.0,0.0,4,5,1.0,0.0,8,8,1,0.0,1.0,0.0,8.0,2,3,0.0,8,0
0.0,1.0,2.0,19,11,2.0,0.0,4,5,0.0,0.0,3,10,8,1.0,0.0,0.0,8.0,1,2,0.0,10,2
1.0,0.0,2.0,19,11,1.0,0.0,4,2,1.0,0.0,1,6,1,1.0,0.0,1.0,6.0,2,1,1.0,6,0
1.0,1.0,2.0,20,6,1.0,0.0,4,4,1.0,0.0,4,6,1,0.0,0.0,0.0,9.0,4,3,0.0,7,0
1.0,0.0,2.0,18,10,1.0,0.0,4,4,1.0,1.0,8,8,3,1.0,1.0,0.0,8.0,4,4,0.0,9,2
1.0,1.0,2.0,21,12,1.0,0.0,9,5,0.0,1.0,3,8,2,0.0,1.0,1.0,6.0,5,5,0.0,10,2
1.0,0.0,2.0,19,9,1.0,0.0,2,3,0.0,1.0,2,7,1,1.0,0.0,0.0,7.0,5,4,0.0,10,2
1.0,1.0,2.0,19,18,1.0,1.0,4,5,0.0,1.0,10,8,1,1.0,1.0,1.0,7.0,5,5,0.0,9,2
1.0,1.0,2.0,19,6,1.0,0.0,4,4,0.0,1.0,7,6,1,1.0,1.0,0.0,7.0,2,3,0.0,7,0
1.0,1.0,2.0,20,5,1.0,0.0,4,5,0.0,1.0,6,6,1,1.0,1.0,1.0,7.0,2,2,0.0,6,1
1.0,1.0,2.0,19,5,2.0,0.0,4,3,1.0,1.0,3,9,1,1.0,0.0,1.0,7.0,1,2,0.0,7,0
1.0,0.0,2.0,20,8,2.0,0.0,4,4,1.0,1.0,4,8,3,1.0,0.0,0.0,8.0,2,2,1.0,10,1
1.0,1.0,2.0,19,6,2.0,0.0,4,3,0.0,0.0,6,8,2,0.0,1.0,0.0,8.0,1,1,0.0,2,1
1.0,0.0,2.0,20,8,2.0,0.0,4,4,1.0,1.0,5,8,3,1.0,0.0,0.0,9.0,2,3,1.0,10,1
0.0,1.0,2.0,20,6,1.0,1.0,6,4,1.0,0.0,4,7,1,1.0,0.0,1.0,8.0,4,1,0.0,6,1
1.0,1.0,2.0,20,6,2.0,0.0,4,5,1.0,0.0,5,8,4,1.0,1.0,0.0,7.0,3,1,1.0,2,1
1.0,0.0,2.0,22,6,2.0,0.0,6,1,1.0,0.0,1,7,2,0.0,0.0,0.0,7.0,2,2,1.0,3,1
1.0,1.0,2.0,20,6,1.0,0.0,6,3,0.0,1.0,4,7,3,1.0,0.0,1.0,8.0,2,2,1.0,5,1
1.0,1.0,2.0,20,6,1.0,0.0,4,2,0.0,0.0,10,4,1,1.0,0.0,0.0,7.0,1,1,0.0,3,1
0.0,1.0,2.0,19,6,1.0,0.0,4,3,1.0,0.0,4,8,4,0.0,0.0,0.0,8.0,1,1,2.0,4,0
0.0,0.0,2.0,22,6,1.0,0.0,4,3,0.0,0.0,4,10,5,0.0,1.0,0.0,8.0,4,3,0.0,8,0
0.0,1.0,2.0,22,6,1.0,0.0,4,4,0.0,0.0,5,5,3,0.0,0.0,0.0,7.0,2,1,0.0,8,0
0.0,1.0,2.0,19,6,1.0,0.0,4,3,0.0,0.0,1,10,10,1.0,0.0,0.0,3.0,1,2,1.0,2,1
0.0,1.0,2.0,21,6,1.0,0.0,6,3,0.0,0.0,4,6,2,0.0,0.0,0.0,8.0,1,1,1.0,6,1
1.0,1.0,2.0,19,5,1.0,0.0,4,5,1.0,0.0,1,8,5,1.0,1.0,0.0,8.0,2,1,1.0,5,1
0.0,1.0,2.0,18,7,1.0,2.0,6,5,1.0,1.0,4,6,7,1.0,1.0,1.0,8.0,4,5,1.0,10,2
1.0,1.0,2.0,18,1,1.0,0.0,4,4,0.0,1.0,6,8,1,1.0,1.0,0.0,9.0,1,1,0.0,6,0
1.0,1.0,2.0,19,11,1.0,0.0,4,3,0.0,1.0,7,7,5,1.0,0.0,1.0,8.0,1,1,0.0,9,1
1.0,0.0,2.0,19,18,1.0,0.0,5,5,0.0,1.0,4,7,2,1.0,0.0,1.0,9.0,2,2,1.0,8,0
1.0,0.0,2.0,18,11,2.0,0.0,4,3,0.0,1.0,3,8,5,1.0,1.0,0.0,8.0,3,3,1.0,6,0
1.0,0.0,2.0,19,6,1.0,0.0,4,3,1.0,1.0,4,7,4,0.0,1.0,0.0,9.0,1,1,0.0,2,1
0.0,1.0,2.0,20,7,1.0,2.0,5,5,1.0,0.0,4,7,3,0.0,1.0,1.0,9.0,5,5,2.0,9,0
0.0,1.0,2.0,20,6,1.0,0.0,4,3,0.0,0.0,2,10,2,0.0,0.0,0.0,9.0,2,1,1.0,4,1
1.0,1.0,2.0,20,6,1.0,0.0,4,1,1.0,1.0,4,7,1,1.0,1.0,1.0,9.0,1,1,1.0,2,1
1.0,0.0,2.0,21,5,1.0,1.0,5,3,1.0,0.0,3,8,2,1.0,1.0,1.0,9.0,2,2,1.0,5,0
1.0,1.0,2.0,20,10,1.0,0.0,4,4,0.0,0.0,1,8,2,1.0,1.0,1.0,8.0,3,3,0.0,9,2
0.0,1.0,2.0,18,5,1.0,0.0,5,4,1.0,1.0,5,6,2,0.0,1.0,0.0,8.0,4,3,1.0,9,0
0.0,1.0,2.0,20,6,1.0,2.0,4,3,1.0,1.0,2,9,3,1.0,1.0,0.0,7.0,3,2,1.0,7,0
0.0,1.0,2.0,20,6,1.0,0.0,4,5,0.0,0.0,2,10,4,1.0,1.0,0.0,9.0,2,1,1.0,8,1
0.0,1.0,0.0,30,2,1.0,0.0,8,5,1.0,1.0,4,6,2,1.0,1.0,1.0,7.0,3,3,1.0,7,0
1.0,0.0,2.0,21,7,2.0,0.0,4,3,1.0,0.0,7,8,1,0.0,1.0,0.0,6.0,3,3,1.0,6,2
1.0,0.0,2.0,19,12,2.0,0.0,4,4,0.0,1.0,3,6,1,1.0,0.0,0.0,8.0,4,4,1.0,8,0
1.0,0.0,2.0,21,6,2.0,0.0,5,3,0.0,1.0,5,8,6,1.0,1.0,0.0,7.0,3,2,2.0,7,2
0.0,1.0,2.0,20,7,2.0,0.0,5,4,0.0,1.0,2,5,1,0.0,0.0,0.0,8.0,3,1,0.0,3,1
1.0,0.0,2.0,21,7,1.0,2.0,5,5,0.0,1.0,6,8,1,0.0,1.0,1.0,7.0,5,5,0.0,10,2
1.0,0.0,2.0,20,7,1.0,0.0,4,5,1.0,1.0,4,8,2,0.0,1.0,0.0,5.0,5,5,2.0,9,2
1.0,1.0,2.0,20,5,1.0,0.0,4,4,0.0,1.0,5,6,2,1.0,1.0,0.0,6.0,3,2,1.0,8,0
1.0,0.0,2.0,20,6,1.0,0.0,4,4,1.0,0.0,3,7,4,1.0,1.0,1.0,7.0,4,3,1.0,8,0
0.0,1.0,2.0,19,7,2.0,0.0,4,4,0.0,0.0,6,7,4,0.0,1.0,1.0,8.0,2,3,2.0,6,0
1.0,1.0,2.0,17,5,1.0,0.0,5,4,1.0,0.0,5,6,1,0.0,0.0,1.0,8.0,3,3,1.0,7,0
0.0,0.0,2.0,19,5,1.0,0.0,4,4,1.0,1.0,5,9,5,0.0,1.0,0.0,9.0,3,2,2.0,7,0
1.0,0.0,0.0,22,4,2.0,1.0,4,3,1.0,0.0,3,7,1,0.0,1.0,0.0,7.0,3,4,1.0,4,1
1.0,1.0,0.0,21,5,2.0,1.0,3,3,1.0,1.0,1,8,2,1.0,0.0,1.0,5.0,3,4,1.0,6,2
1.0,0.0,0.0,21,6,2.0,0.0,4,3,0.0,0.0,3,7,1,0.0,0.0,0.0,6.0,3,3,1.0,4,0
1.0,0.0,0.0,21,4,2.0,0.0,4,3,0.0,1.0,5,7,2,1.0,0.0,0.0,7.0,4,4,2.0,9,0
1.0,0.0,0.0,23,5,1.0,1.0,2,3,0.0,0.0,8,8,2,1.0,0.0,1.0,7.0,2,2,1.0,5,1
1.0,1.0,0.0,22,3,2.0,0.0,5,2,1.0,1.0,3,8,1,0.0,1.0,1.0,8.0,5,5,1.0,10,2
0.0,1.0,0.0,34,8,1.0,0.0,6,3,0.0,1.0,2,7,1,0.0,0.0,0.0,7.0,3,3,1.0,7,1
1.0,1.0,0.0,32,3,2.0,0.0,4,3,0.0,1.0,2,8,1,1.0,0.0,0.0,7.0,2,2,0.0,4,0
1.0,0.0,0.0,39,4,1.0,0.0,4,5,0.0,1.0,5,7,1,1.0,0.0,0.0,6.0,5,5,1.0,7,0
1.0,0.0,2.0,20,2,2.0,0.0,3,3,0.0,0.0,1,7,3,1.0,0.0,0.0,1.0,1,1,1.0,2,1
0.0,1.0,0.0,39,7,1.0,2.0,4,5,1.0,1.0,6,8,2,0.0,1.0,1.0,8.0,5,5,0.0,10,2
1.0,1.0,2.0,26,5,2.0,0.0,5,2,0.0,0.0,4,9,7,1.0,0.0,1.0,8.0,1,2,1.0,4,0
0.0,0.0,0.0,40,5,0.0,0.0,4,3,1.0,1.0,7,7,7,1.0,1.0,1.0,6.0,3,3,0.0,6,2
0.0,1.0,0.0,35,3,1.0,0.0,4,5,0.0,1.0,3,4,1,0.0,1.0,1.0,9.0,5,5,1.0,10,2
0.0,1.0,0.0,34,2,1.0,0.0,3,4,1.0,0.0,7,6,2,0.0,1.0,1.0,7.0,5,5,0.0,10,0
1.0,0.0,0.0,29,3,2.0,0.0,3,3,0.0,0.0,3,9,2,1.0,1.0,1.0,7.0,3,4,0.0,7,0
0.0,0.0,0.0,40,9,2.0,0.0,5,5,1.0,1.0,5,7,6,1.0,1.0,1.0,2.0,5,4,1.0,9,2
1.0,0.0,2.0,37,2,2.0,0.0,4,3,0.0,0.0,2,7,1,0.0,0.0,0.0,7.0,4,3,0.0,6,2
1.0,1.0,0.0,40,5,2.0,0.0,3,4,1.0,1.0,6,5,5,1.0,1.0,1.0,4.0,4,4,0.0,9,0
0.0,0.0,0.0,36,2,1.0,0.0,6,4,1.0,0.0,2,5,1,1.0,0.0,1.0,5.0,4,4,1.0,8,2
0.0,1.0,2.0,25,3,1.0,0.0,4,5,0.0,1.0,2,5,7,1.0,0.0,0.0,4.0,3,3,2.0,5,0
0.0,0.0,0.0,40,2,2.0,0.0,2,5,0.0,0.0,2,8,3,0.0,1.0,0.0,7.0,5,5,1.0,10,0
1.0,0.0,0.0,36,6,1.0,0.0,7,4,1.0,1.0,7,7,7,1.0,1.0,1.0,5.0,4,4,2.0,8,2
1.0,1.0,0.0,40,7,1.0,0.0,4,4,1.0,1.0,3,7,1,0.0,1.0,1.0,9.0,3,2,0.0,7,2
0.0,1.0,0.0,40,2,1.0,0.0,3,5,0.0,0.0,2,9,1,1.0,1.0,1.0,5.0,3,3,1.0,6,2
0.0,1.0,0.0,21,5,2.0,0.0,5,2,1.0,1.0,5,8,2,1.0,1.0,0.0,4.0,3,2,1.0,6,0
0.0,0.0,2.0,20,3,2.0,0.0,3,2,0.0,0.0,4,6,2,0.0,1.0,1.0,7.0,3,3,2.0,5,0
0.0,0.0,2.0,20,3,2.0,0.0,3,5,0.0,0.0,4,6,2,0.0,1.0,0.0,7.0,2,2,0.0,4,0
0.0,0.0,2.0,21,6,2.0,0.0,3,2,0.0,0.0,5,6,1,1.0,0.0,1.0,7.0,3,3,1.0,7,0
0.0,0.0,2.0,20,3,2.0,0.0,6,4,0.0,1.0,2,7,2,0.0,1.0,0.0,8.0,4,3,1.0,7,2
0.0,0.0,2.0,20,3,2.0,0.0,4,4,0.0,1.0,2,7,1,0.0,0.0,0.0,7.0,1,1,1.0,8,0
0.0,0.0,2.0,21,3,2.0,0.0,4,5,0.0,1.0,2,7,2,1.0,1.0,0.0,5.0,4,4,1.0,8,2
0.0,0.0,2.0,19,5,2.0,0.0,4,2,1.0,1.0,8,7,4,1.0,1.0,0.0,7.0,4,4,1.0,8,0
0.0,0.0,2.0,20,5,2.0,0.0,6,3,1.0,1.0,8,7,4,1.0,1.0,0.0,7.0,4,4,2.0,8,0
0.0,0.0,2.0,21,6,2.0,0.0,4,5,0.0,0.0,6,6,3,1.0,1.0,0.0,7.0,5,5,2.0,10,2
0.0,0.0,2.0,21,6,1.0,0.0,5,5,1.0,0.0,8,7,5,1.0,1.0,0.0,7.0,5,5,1.0,10,2
0.0,0.0,2.0,20,3,2.0,0.0,4,4,1.0,0.0,4,6,1,1.0,1.0,0.0,7.0,3,3,1.0,5,0
0.0,0.0,2.0,19,3,2.0,0.0,6,5,1.0,1.0,4,8,4,1.0,1.0,1.0,9.0,4,4,2.0,8,0
0.0,0.0,2.0,20,6,0.0,0.0,3,1,0.0,0.0,3,7,2,1.0,1.0,0.0,7.0,5,5,2.0,10,0
0.0,0.0,2.0,20,3,2.0,0.0,3,2,0.0,0.0,3,6,3,0.0,1.0,1.0,7.0,2,2,2.0,6,0
0.0,0.0,2.0,19,6,2.0,0.0,2,3,1.0,0.0,4,6,2,1.0,0.0,0.0,6.0,3,3,0.0,6,2
0.0,1.0,2.0,20,6,1.0,0.0,4,3,0.0,0.0,5,7,1,1.0,1.0,1.0,8.0,5,4,1.0,10,0
