,Age(Years),Number of Subjects,Family size,Internet facility in your locality,Study time (Hours),Sleep time (Hours),Time spent on social media (Hours),Average marks scored before pandemic in traditional classroom,Your interaction in online mode,Clearing doubts with faculties in online mode,Performance in online
0,18,11,4,5,3,6,1,91-100,1,1,6
1,19,7,4,1,7,5,1,91-100,1,1,3
2,18,5,5,2,6,7,1,71-80,1,1,6
3,18,5,4,4,3,6,2,91-100,1,2,4
4,18,5,4,3,8,7,2,81-90,3,3,6
5,18,5,4,4,3,6,2,91-100,1,1,2
6,19,5,5,5,2,6,3,81-90,4,3,6
7,17,4,4,4,4,8,6,61-70,3,3,6
8,19,5,4,4,6,6,2,81-90,4,1,9
9,20,9,4,3,4,7,2,81-90,3,2,6
10,18,4,3,5,5,6,3,81-90,2,1,9
11,25,5,2,3,3,7,1,71-80,3,3,7
12,20,7,4,4,7,5,1,81-90,4,4,6
13,17,5,4,4,2,6,2,81-90,3,2,5
14,21,5,5,4,5,7,2,81-90,3,3,6
15,20,5,4,3,5,6,5,91-100,2,2,5
16,20,9,4,4,8,5,2,31-40,2,2,6
17,23,5,6,3,5,7,2,81-90,2,2,6
18,18,4,4,4,7,7,2,81-90,2,2,7
19,19,6,4,5,5,7,4,81-90,3,2,6
20,24,20,6,3,8,8,2,81-90,2,3,4
21,22,8,4,4,2,8,2,81-90,3,3,10
22,19,5,5,5,6,7,2,61-70,3,3,7
23,24,8,4,3,7,6,2,81-90,3,3,5
24,18,6,4,5,4,5,5,91-100,3,3,6
25,21,9,4,3,7,8,4,81-90,3,2,8
26,19,7,4,4,6,8,3,71-80,3,3,7
27,21,8,4,3,1,7,5,41-50,3,1,6
28,20,7,4,4,3,7,4,81-90,4,3,8
29,17,5,3,3,5,6,3,91-100,3,3,6
30,22,4,4,5,6,7,3,61-70,5,5,10
31,18,3,5,5,6,8,2,81-90,3,3,8
32,21,6,5,3,4,6,1,71-80,3,2,5
33,19,7,4,4,5,7,1,91-100,5,5,6
34,18,8,3,4,4,5,2,81-90,3,3,8
35,20,8,4,3,4,7,1,21-30,4,4,8
36,18,5,3,5,8,7,1,81-90,5,5,9
37,18,6,4,3,3,7,1,71-80,4,4,8
38,21,8,7,3,2,7,8,71-80,2,1,6
39,17,6,4,4,7,9,3,81-90,4,3,9
40,26,2,4,4,1,6,1,81-90,3,2,7
41,19,5,3,4,4,6,4,71-80,2,1,4
42,21,6,4,3,3,7,3,11-20,4,2,4
43,19,5,6,4,7,6,1,81-90,3,3,6
44,18,5,5,2,4,2,3,81-90,2,1,8
45,21,7,4,3,3,8,3,71-80,2,2,8
46,21,7,5,3,3,5,3,71-80,2,3,6
47,21,9,5,3,4,10,3,41-50,2,3,6
48,21,6,5,2,3,6,3,81-90,3,2,6
49,21,8,5,1,6,8,3,31-40,3,1,4
50,9,6,5,5,1,8,10,81-90,2,1,3
51,19,7,4,3,1,7,3,71-80,3,3,7
52,18,7,4,4,2,7,1,91-100,5,4,8
53,23,17,6,4,5,8,2,71-80,4,2,5
54,21,8,4,4,6,8,6,61-70,3,3,7
55,21,8,4,4,4,3,5,31-40,2,2,6
56,20,20,4,4,2,7,3,71-80,5,4,8
57,20,8,4,3,5,7,2,61-70,2,2,6
58,20,9,5,4,5,6,1,51-60,2,2,6
59,22,7,5,1,4,8,4,71-80,4,4,8
60,20,7,5,4,4,6,4,81-90,2,3,7
61,24,15,5,3,4,6,3,61-70,3,3,8
62,21,7,5,4,5,7,2,71-80,4,4,8
63,19,6,4,4,3,7,2,81-90,4,4,6
64,18,6,4,3,5,10,4,51-60,3,2,10
65,18,4,4,3,5,6,3,61-70,2,2,10
66,18,6,5,4,8,6,2,71-80,4,4,8
67,20,5,4,3,2,9,2,71-80,5,3,9
68,19,7,4,4,6,8,4,61-70,4,4,8
69,9,3,5,3,4,9,10,91-100,3,3,6
70,19,9,4,4,4,7,3,61-70,4,4,10
71,18,5,5,2,3,7,1,71-80,2,1,2
72,19,6,6,3,5,6,3,61-70,3,3,6
73,21,8,5,5,2,8,3,61-70,4,4,8
74,22,9,6,3,5,7,2,71-80,4,3,7
75,21,7,4,1,5,10,8,61-70,5,3,6
76,19,6,6,3,4,6,2,61-70,4,5,10
77,23,6,4,5,6,8,1,71-80,3,3,6
78,21,9,5,3,6,8,3,51-60,4,4,6
79,20,9,5,3,2,7,1,71-80,4,4,7
80,18,6,4,4,2,5,1,71-80,3,3,6
81,20,6,5,2,5,9,5,21-30,2,2,10
82,20,8,7,5,6,7,2,71-80,4,4,7
83,18,6,7,3,10,10,10,81-90,3,3,10
84,20,5,5,5,9,10,6,51-60,5,5,10
85,25,5,7,4,4,5,1,71-80,3,4,7
86,19,8,5,3,1,10,10,51-60,3,4,6
87,18,6,4,3,6,7,5,71-80,3,3,5
88,19,5,3,4,4,7,5,51-60,3,3,8
89,23,5,6,3,2,8,1,61-70,4,2,7
90,18,5,3,5,6,7,2,51-60,5,5,9
91,19,5,4,4,5,7,2,71-80,4,3,9
92,18,6,5,2,5,6,2,71-80,5,5,10
93,20,5,4,3,2,7,3,41-50,3,2,6
94,22,9,4,3,6,7,1,81-90,3,3,7
95,19,6,3,4,6,7,3,81-90,3,3,6
96,18,4,4,3,1,4,5,31-40,1,1,2
97,21,7,4,3,7,6,2,71-80,4,3,8
98,20,7,5,3,4,8,3,71-80,5,5,8
99,18,5,6,3,2,8,1,91-100,3,2,7
100,18,5,4,3,1,6,3,91-100,1,1,2
101,20,6,4,2,2,7,2,51-60,2,4,10
102,19,9,6,1,3,6,2,71-80,1,1,5
103,18,4,3,4,5,7,1,51-60,4,4,9
104,19,7,4,3,1,6,7,81-90,2,3,4
105,19,5,4,5,4,7,5,71-80,2,2,4
106,18,20,4,3,4,10,6,61-70,3,4,6
107,20,8,4,4,5,8,3,81-90,3,3,8
108,18,6,5,4,5,7,9,91-100,1,2,6
109,19,7,3,3,3,6,2,61-70,1,1,2
110,19,7,5,4,5,8,3,21-30,3,3,7
111,19,7,4,4,3,5,2,81-90,3,4,8
112,18,8,4,3,6,7,2,91-100,3,2,7
113,19,8,4,3,10,6,2,71-80,1,1,2
114,19,7,5,3,4,8,3,61-70,3,2,6
115,19,7,4,4,1,9,2,71-80,1,2,3
116,19,7,4,3,3,4,1,81-90,3,2,6
117,18,8,6,4,5,7,3,71-80,3,3,7
118,19,6,4,3,3,7,2,71-80,4,4,8
119,20,8,4,2,3,8,2,81-90,2,3,7
120,19,7,5,4,8,6,1,81-90,1,4,8
121,18,8,4,4,7,6,1,81-90,3,3,6
122,20,6,6,2,5,8,3,81-90,3,2,5
123,18,7,4,5,6,7,1,91-100,3,3,7
124,19,7,4,4,4,8,2,91-100,3,3,8
125,18,8,4,4,2,6,1,91-100,1,3,4
126,19,7,4,4,3,7,1,61-70,2,3,6
127,19,6,5,3,3,8,2,71-80,3,3,8
128,18,8,4,3,7,5,1,91-100,3,3,7
129,19,6,4,2,4,6,2,81-90,2,3,8
130,17,4,4,5,2,8,6,91-100,1,1,2
131,18,7,4,3,3,8,4,81-90,2,2,6
132,19,8,4,4,4,6,1,81-90,2,3,5
133,19,7,4,2,8,9,1,81-90,1,1,8
134,18,8,4,4,4,7,1,81-90,4,3,9
135,18,8,4,4,3,5,4,91-100,3,3,8
136,19,7,9,3,4,5,2,81-90,3,3,6
137,21,6,4,4,5,6,2,71-80,3,3,7
138,19,8,4,5,8,8,1,91-100,4,4,9
139,18,8,4,4,3,8,3,61-70,3,2,4
140,18,6,4,4,3,8,3,91-100,3,4,7
141,19,8,5,4,5,6,2,81-90,3,4,6
142,18,8,4,3,7,7,2,81-90,3,2,6
143,22,4,4,5,2,8,1,81-90,2,2,9
144,20,7,3,2,5,7,2,81-90,5,5,8
145,19,8,4,4,4,8,3,51-60,3,4,7
146,19,7,4,3,4,8,2,71-80,2,1,6
147,19,8,4,4,5,3,3,81-90,3,2,8
148,20,7,3,4,8,8,4,81-90,2,3,6
149,20,6,4,4,5,6,1,81-90,1,1,6
150,20,7,3,2,2,6,1,81-90,1,2,3
151,21,1,10,3,2,8,10,31-40,2,2,6
152,20,8,5,4,10,9,3,91-100,2,2,6
153,19,8,6,3,2,6,1,91-100,2,2,5
154,20,7,4,4,5,7,3,81-90,2,2,6
155,18,7,3,4,6,7,1,91-100,4,3,8
156,19,7,4,4,5,7,4,81-90,3,3,8
157,19,20,4,5,3,6,2,91-100,3,2,5
158,20,14,4,5,6,8,3,71-80,2,2,7
159,21,8,4,2,4,8,4,81-90,3,3,4
160,21,16,6,5,2,6,3,91-100,4,4,9
161,18,7,4,5,5,8,8,91-100,3,4,10
162,18,6,4,3,6,6,3,81-90,3,4,6
163,19,8,4,4,3,6,2,71-80,2,3,7
164,19,6,3,4,1,6,5,81-90,2,4,7
165,20,6,3,4,4,7,2,81-90,2,2,8
166,19,8,5,5,5,8,2,91-100,3,3,10
167,19,8,4,3,4,8,4,81-90,2,3,7
168,20,6,4,4,2,7,2,81-90,4,4,7
169,18,6,4,5,5,6,4,81-90,2,2,9
170,19,7,4,4,1,7,3,91-100,2,3,8
171,20,7,3,5,2,7,3,71-80,3,2,6
172,19,8,4,4,5,8,3,81-90,1,1,7
173,20,7,3,5,1,7,1,71-80,1,1,8
174,18,7,4,4,4,8,7,91-100,3,3,5
175,21,2,4,5,1,6,7,61-70,5,5,10
176,19,7,6,5,4,9,2,91-100,3,3,10
177,22,6,8,5,4,7,2,71-80,4,3,8
178,20,8,3,4,7,8,2,91-100,4,3,8
179,22,14,4,3,7,7,5,71-80,2,2,6
180,18,8,5,4,3,8,3,71-80,1,1,7
181,19,8,5,3,8,6,5,81-90,1,1,5
182,20,7,4,4,1,8,6,71-80,2,1,5
183,19,7,4,5,4,5,1,81-90,3,3,8
184,19,5,3,3,1,6,1,71-80,1,2,6
185,21,4,4,5,2,8,1,91-100,3,5,10
186,20,6,5,5,2,8,3,61-70,1,1,5
187,20,7,3,5,8,7,1,81-90,2,2,7
188,18,8,5,4,4,7,2,71-80,3,1,7
189,19,8,5,5,2,7,1,91-100,2,1,8
190,19,8,4,5,6,7,2,91-100,3,3,8
191,19,20,4,5,4,10,2,91-100,3,2,6
192,21,7,4,4,4,6,1,71-80,2,2,9
193,18,5,4,4,7,7,2,91-100,3,3,7
194,22,6,3,5,5,7,2,71-80,3,1,7
195,19,8,3,5,7,4,3,91-100,3,2,8
196,19,3,5,5,9,7,1,71-80,3,3,8
197,17,6,4,5,5,7,1,81-90,4,4,8
198,20,7,5,5,4,5,2,81-90,2,3,5
199,21,5,4,4,10,1,3,81-90,3,4,6
200,17,5,6,4,5,10,6,61-70,3,3,6
201,20,8,3,4,6,8,1,71-80,3,2,8
202,19,6,3,4,9,7,2,91-100,2,3,7
203,20,11,4,5,5,7,3,81-90,3,2,8
204,18,6,6,4,4,9,5,91-100,3,3,10
205,19,3,4,5,8,6,3,71-80,3,4,7
206,19,7,6,2,6,5,2,71-80,5,5,10
207,21,5,3,2,5,7,4,81-90,2,3,6
208,19,7,7,2,10,7,1,71-80,1,3,2
209,18,8,4,5,6,7,4,91-100,1,1,7
210,19,6,4,4,3,8,1,71-80,3,4,8
211,20,9,5,3,3,4,8,91-100,3,2,4
212,19,7,4,4,2,7,4,91-100,3,2,6
213,19,6,3,3,4,6,3,91-100,3,3,8
214,20,1,6,5,5,5,3,91-100,3,3,8
215,19,5,4,5,5,8,2,81-90,2,3,10
216,19,5,3,5,4,7,3,91-100,3,3,7
217,19,7,4,3,1,4,6,81-90,4,1,4
218,19,9,6,5,8,7,1,91-100,2,1,8
219,20,7,3,4,4,7,4,91-100,4,4,9
220,18,7,4,5,3,10,2,91-100,4,3,7
221,20,7,4,5,3,6,2,91-100,1,1,5
222,20,8,5,4,3,8,5,61-70,3,3,6
223,20,7,5,4,3,6,4,71-80,2,2,4
224,19,7,4,5,4,6,1,81-90,3,3,8
225,21,9,5,5,4,7,1,81-90,3,3,8
226,19,7,4,4,5,8,2,81-90,3,2,7
227,19,7,3,3,3,5,4,81-90,3,2,5
228,19,7,4,2,3,6,1,81-90,2,4,7
229,20,20,4,5,3,8,2,91-100,1,2,10
230,17,5,4,3,2,7,1,81-90,2,3,5
231,17,5,4,5,2,8,3,71-80,3,3,7
232,18,7,6,5,4,6,2,71-80,3,2,6
233,18,6,3,4,3,6,2,71-80,3,3,7
234,19,7,4,3,7,6,1,91-100,3,3,8
235,18,7,3,4,4,6,2,91-100,4,4,6
236,20,8,3,4,3,8,9,71-80,3,3,6
237,20,7,3,4,3,7,1,81-90,3,2,7
238,17,5,4,3,2,5,2,81-90,3,2,6
239,20,8,5,4,4,5,3,81-90,4,4,8
240,17,6,5,4,8,4,2,81-90,2,1,7
241,38,8,4,5,10,5,3,91-100,5,5,9
242,17,6,5,4,5,7,8,71-80,2,3,6
243,20,8,3,4,3,8,9,71-80,2,3,6
244,19,6,4,3,4,7,1,81-90,3,3,6
245,20,7,4,5,2,5,5,81-90,3,3,6
246,17,6,4,4,1,10,8,71-80,2,3,7
247,19,20,4,2,2,9,3,71-80,3,2,7
248,20,8,5,2,3,5,1,71-80,1,4,4
249,20,8,4,4,2,7,2,71-80,2,2,5
250,20,8,10,5,7,6,1,91-100,2,1,8
251,18,8,4,2,3,7,1,61-70,3,1,7
252,20,7,4,3,3,7,2,81-90,3,3,6
253,20,8,4,3,1,5,1,81-90,4,3,7
254,19,7,4,3,2,7,4,81-90,2,3,7
255,20,18,3,4,6,8,2,71-80,2,1,4
256,18,5,4,4,2,5,3,81-90,2,3,4
257,19,7,4,1,10,5,2,81-90,1,1,4
258,19,7,3,4,4,6,2,81-90,3,2,8
259,19,5,6,5,8,8,5,71-80,4,4,10
260,18,5,6,5,2,6,2,81-90,2,1,2
261,20,7,5,4,3,5,3,71-80,4,2,7
262,18,8,4,4,3,6,2,81-90,1,1,5
263,20,7,5,5,5,6,3,51-60,3,4,7
264,17,6,4,2,3,7,2,71-80,3,3,7
265,18,6,4,3,4,7,1,81-90,1,3,6
266,18,6,3,5,5,7,3,91-100,5,5,10
267,18,6,3,3,8,1,1,91-100,3,3,4
268,20,7,4,4,1,9,10,61-70,1,1,2
269,19,8,4,5,4,8,3,71-80,3,1,7
270,19,8,5,4,10,10,4,71-80,4,5,10
271,18,5,6,4,6,5,2,81-90,3,3,7
272,18,7,4,5,10,4,1,91-100,4,3,9
273,18,4,4,5,6,7,2,71-80,3,5,8
274,18,5,4,4,3,7,4,81-90,3,3,6
275,20,8,6,3,6,6,1,91-100,4,3,6
276,21,8,5,4,2,8,2,61-70,3,3,6
277,19,9,4,5,6,8,1,81-90,5,3,5
278,18,7,4,4,3,6,5,61-70,2,5,7
279,20,7,5,2,2,6,2,81-90,3,3,6
280,19,6,4,5,3,7,4,71-80,3,1,6
281,19,3,8,4,2,10,1,91-100,1,1,8
282,20,8,4,4,4,6,3,61-70,4,3,7
283,20,7,3,4,4,8,2,81-90,3,2,8
284,20,6,3,5,4,6,4,71-80,3,3,8
285,18,4,4,3,6,8,1,81-90,2,1,3
286,20,8,4,3,3,7,2,61-70,2,4,6
287,18,6,3,3,6,7,3,71-80,4,4,6
288,20,7,4,4,4,8,4,71-80,2,2,8
289,20,8,4,4,1,6,4,61-70,1,1,7
290,17,5,5,5,7,8,3,91-100,4,3,7
291,19,7,5,3,2,6,3,71-80,3,2,7
292,20,7,5,4,6,6,1,71-80,5,5,9
293,19,5,4,4,2,6,1,91-100,3,1,6
294,20,7,4,5,2,4,4,31-40,1,1,8
295,20,6,5,2,3,7,2,81-90,3,2,4
296,19,8,4,4,6,7,1,81-90,3,4,7
297,21,7,5,4,4,10,2,71-80,3,3,8
298,18,7,4,3,7,8,5,71-80,2,2,4
299,19,6,5,4,1,7,2,81-90,1,1,2
300,18,6,3,2,3,7,4,81-90,3,2,3
301,20,8,5,5,3,8,3,81-90,3,3,6
302,20,8,4,2,5,3,1,21-30,2,3,2
303,20,6,10,4,3,7,2,71-80,3,3,8
304,20,20,9,2,3,4,2,81-90,1,1,8
305,22,9,5,3,3,7,2,61-70,3,3,8
306,21,8,4,5,2,7,3,91-100,4,3,9
307,18,6,4,3,9,7,2,81-90,3,3,5
308,20,7,4,4,4,6,3,71-80,4,4,8
309,20,4,3,5,8,6,6,81-90,2,3,8
310,20,6,4,3,6,7,2,71-80,3,4,9
311,17,7,4,3,8,6,2,81-90,5,5,8
312,21,20,3,4,5,10,3,81-90,3,3,7
313,19,6,3,3,6,7,1,91-100,3,2,8
314,21,8,5,3,5,8,2,61-70,3,3,7
315,20,8,2,4,10,6,1,71-80,3,4,6
316,21,7,4,4,5,6,2,81-90,4,5,8
317,20,8,5,5,6,6,2,71-80,3,3,6
318,18,4,3,4,5,8,1,81-90,3,3,8
319,21,5,5,4,3,7,9,61-70,2,1,4
320,20,9,5,4,2,8,2,71-80,4,4,8
321,20,8,4,5,3,5,4,81-90,3,2,8
322,17,7,10,4,3,7,2,81-90,2,3,5
323,20,7,4,3,3,7,2,71-80,3,2,5
324,21,7,3,2,1,5,2,61-70,1,3,6
325,21,6,4,3,6,6,1,31-40,1,3,6
326,19,8,4,5,2,5,1,71-80,1,1,6
327,20,7,4,4,4,4,3,81-90,3,3,6
328,19,7,4,4,4,8,2,91-100,3,2,5
329,19,7,5,5,2,7,2,81-90,1,1,6
330,20,8,5,4,1,8,3,71-80,1,1,8
331,20,9,4,3,3,7,4,71-80,2,2,5
332,20,6,4,5,5,9,3,81-90,3,1,6
333,19,7,4,5,5,4,2,81-90,3,2,4
334,19,7,4,4,2,8,3,81-90,3,2,9
335,18,6,4,5,1,6,4,71-80,3,3,4
336,20,7,4,4,4,4,2,81-90,3,3,9
337,20,7,4,5,1,7,3,81-90,2,3,6
338,19,8,4,4,6,8,1,81-90,4,4,8
339,20,9,3,4,4,9,3,81-90,2,2,6
340,20,6,3,5,10,8,2,91-100,2,1,8
341,19,9,4,1,2,7,2,81-90,3,3,9
342,19,6,3,3,5,9,3,81-90,1,2,3
343,20,7,4,5,4,8,4,71-80,3,3,7
344,20,6,4,5,4,7,2,81-90,3,4,7
345,20,7,4,3,2,5,5,91-100,2,3,8
346,20,8,10,3,5,6,2,71-80,4,4,8
347,20,6,4,4,5,6,2,51-60,2,2,6
348,19,8,4,4,6,7,3,81-90,2,3,5
349,20,1,3,5,1,7,1,61-70,3,5,10
350,21,8,4,4,7,7,2,81-90,4,3,7
351,21,9,3,3,6,7,3,71-80,3,2,4
352,19,7,4,4,4,6,3,81-90,3,4,8
353,22,8,8,3,3,6,2,71-80,3,3,8
354,18,7,4,5,4,7,3,81-90,3,3,7
355,19,7,5,4,1,5,3,71-80,1,1,8
356,21,3,10,5,3,8,1,81-90,2,2,6
357,20,7,4,4,3,3,3,71-80,4,4,10
358,19,5,8,2,4,7,1,81-90,2,4,5
359,20,7,4,4,3,6,5,71-80,2,2,6
360,22,4,4,4,3,6,7,61-70,4,4,10
361,21,8,4,4,5,4,3,81-90,3,3,9
362,20,8,4,3,4,5,3,71-80,2,2,6
363,21,9,5,4,4,7,3,11-20,2,1,5
364,20,8,2,5,3,7,4,71-80,5,3,8
365,20,8,6,4,3,7,1,81-90,1,1,6
366,19,7,3,4,2,8,4,91-100,3,1,8
367,23,20,5,5,1,9,8,81-90,2,1,5
368,20,7,5,5,6,7,3,71-80,3,3,7
369,20,9,4,4,3,6,2,81-90,3,2,6
370,18,4,4,5,2,7,3,81-90,2,1,8
371,19,7,4,5,5,7,5,91-100,1,2,10
372,19,5,3,5,5,6,1,81-90,2,3,7
373,19,5,4,2,5,6,2,81-90,3,3,6
374,20,7,4,4,3,8,3,81-90,3,4,6
375,20,7,5,3,5,8,5,81-90,1,1,2
376,21,7,6,4,4,6,3,81-90,3,2,8
377,20,4,4,5,1,6,2,61-70,1,1,8
378,18,6,4,3,7,7,3,81-90,1,1,2
379,20,7,4,4,2,7,8,71-80,2,3,6
380,20,8,5,5,4,7,2,81-90,2,2,5
381,19,4,4,3,2,8,2,51-60,2,1,3
382,19,7,5,5,2,6,4,81-90,2,1,5
383,19,8,4,3,2,6,3,91-100,4,2,6
384,20,6,4,3,2,7,4,71-80,2,2,6
385,19,7,6,2,1,8,3,91-100,3,1,4
386,21,6,4,4,7,6,1,61-70,1,1,7
387,21,7,4,3,2,6,4,61-70,2,2,6
388,19,7,4,5,4,6,2,91-100,1,1,2
389,20,8,3,3,3,5,1,91-100,2,1,6
390,22,8,3,4,4,6,3,91-100,2,2,5
391,22,5,4,4,4,8,2,61-70,3,4,6
392,22,6,5,2,6,6,2,61-70,3,3,6
393,37,12,4,3,3,5,1,51-60,3,3,6
394,22,5,3,4,7,8,4,71-80,4,4,8
395,22,4,6,3,6,5,1,81-90,2,2,6
396,22,5,4,2,6,6,4,71-80,3,3,7
397,20,7,3,3,5,8,4,81-90,2,1,5
398,20,7,6,5,3,8,2,91-100,1,3,6
399,22,6,5,3,7,6,2,61-70,3,3,6
400,12,12,4,2,10,8,1,91-100,4,4,8
401,40,10,4,5,3,6,1,11-20,5,4,9
402,22,6,4,3,9,6,3,61-70,3,3,6
403,23,5,7,3,7,7,3,71-80,3,3,4
404,23,5,4,2,8,7,3,81-90,4,3,6
405,24,5,4,2,10,7,1,61-70,3,2,6
406,22,5,6,2,2,8,1,71-80,2,1,3
407,19,8,3,5,10,5,8,91-100,4,1,6
408,21,20,4,4,4,7,2,81-90,3,4,7
409,21,5,5,5,5,6,2,61-70,3,3,6
410,21,5,6,3,5,4,1,81-90,3,2,4
411,21,5,4,2,3,5,2,71-80,3,2,8
412,20,4,5,5,2,7,2,71-80,4,3,8
413,25,20,4,4,3,8,2,51-60,5,5,9
414,21,4,4,4,5,7,2,81-90,4,3,6
415,23,6,4,4,2,7,1,61-70,5,5,9
416,21,3,4,4,4,8,3,61-70,4,3,6
417,23,6,4,2,6,8,2,51-60,4,4,6
418,21,3,4,5,2,7,1,81-90,3,3,10
419,21,5,5,4,7,8,1,71-80,3,5,7
420,20,9,4,3,2,7,2,91-100,2,3,7
421,20,20,7,1,1,7,2,11-20,1,1,8
422,21,10,6,2,8,7,1,81-90,1,1,6
423,21,7,4,4,5,9,1,91-100,3,2,7
424,24,6,5,2,6,8,1,61-70,4,4,9
425,22,3,10,4,6,8,3,71-80,1,1,2
426,20,5,5,5,5,6,3,81-90,3,3,8
427,22,6,3,2,10,2,10,21-30,1,1,2
428,20,7,4,5,1,7,4,81-90,4,4,4
429,21,5,4,5,1,7,4,91-100,5,5,10
430,20,20,4,5,1,5,8,81-90,3,3,4
431,21,3,3,1,1,4,2,81-90,1,1,2
432,21,2,4,3,4,5,4,81-90,3,1,6
433,23,6,4,4,5,6,1,61-70,3,3,6
434,19,6,4,5,4,8,2,81-90,3,3,8
435,20,7,4,5,1,6,8,71-80,1,1,6
436,24,6,4,2,8,4,1,71-80,4,3,7
437,22,3,4,5,2,8,1,81-90,4,1,8
438,21,4,5,4,5,7,5,91-100,4,4,10
439,12,8,3,4,2,10,6,81-90,5,4,6
440,18,1,4,4,4,7,3,71-80,3,3,9
441,25,20,5,3,8,8,3,51-60,4,5,10
442,19,9,4,5,4,6,2,71-80,5,5,9
443,19,5,3,5,3,7,3,91-100,2,1,3
444,21,16,3,4,3,7,2,81-90,3,2,5
445,21,19,6,3,4,7,10,51-60,4,5,8
446,19,7,5,3,3,7,2,61-70,3,3,6
447,17,6,5,5,4,7,1,81-90,4,4,8
448,21,5,5,5,4,7,2,71-80,2,4,9
449,21,6,5,5,3,7,1,81-90,2,1,4
450,21,5,4,5,4,8,5,81-90,3,3,7
451,21,3,4,4,3,8,1,81-90,3,3,7
452,21,5,4,4,4,7,1,71-80,2,2,8
453,19,6,3,5,7,8,1,71-80,5,5,10
454,21,8,4,4,2,10,8,71-80,1,1,4
455,20,7,5,4,8,8,3,71-80,3,3,8
456,34,10,2,4,2,6,1,61-70,4,4,9
457,24,5,5,3,3,7,5,71-80,3,3,6
458,21,5,7,5,6,7,3,81-90,3,5,6
459,23,4,10,5,6,6,10,51-60,5,5,9
460,21,8,5,3,8,5,1,91-100,4,4,7
461,24,6,6,3,10,6,2,71-80,3,3,8
462,20,6,5,5,3,3,8,91-100,1,1,8
463,20,9,4,4,8,7,3,81-90,3,2,6
464,23,6,3,3,2,4,2,61-70,3,3,6
465,18,5,4,3,8,6,2,71-80,4,3,6
466,18,5,4,4,4,7,2,91-100,3,3,6
467,21,8,4,4,4,6,2,81-90,5,4,8
468,18,5,4,2,4,7,3,81-90,2,2,5
469,18,6,4,5,4,6,2,91-100,3,3,8
470,23,8,4,4,6,6,1,81-90,4,3,5
471,21,13,4,3,4,6,4,51-60,3,3,8
472,21,20,10,4,5,5,4,61-70,2,1,8
473,21,9,4,5,7,8,4,61-70,5,5,7
474,21,5,4,4,3,8,8,71-80,3,3,4
475,17,5,4,5,4,7,1,81-90,4,4,8
476,18,5,6,3,5,6,6,51-60,2,2,9
477,21,7,4,4,1,7,6,61-70,1,1,4
478,24,1,3,2,8,5,7,81-90,4,4,9
479,24,5,5,3,4,6,2,51-60,3,4,8
480,22,5,4,3,5,7,3,61-70,3,2,5
481,20,9,4,5,4,9,8,41-50,1,3,7
482,23,6,5,4,6,7,3,91-100,3,5,5
483,21,3,4,3,5,8,6,71-80,2,1,8
484,22,5,5,3,6,8,2,41-50,5,4,8
485,20,8,5,5,7,8,3,91-100,5,5,8
486,20,6,5,5,3,8,6,71-80,3,2,5
487,23,6,5,1,3,8,2,41-50,2,2,5
488,24,19,4,4,6,6,1,71-80,4,4,9
489,40,10,3,4,3,6,1,51-60,4,3,7
490,20,8,5,4,4,6,3,61-70,4,4,8
491,27,7,4,4,2,6,2,71-80,4,3,10
492,19,8,7,1,4,7,1,51-60,2,1,9
493,18,7,5,3,1,9,1,71-80,3,3,6
494,19,7,4,3,5,5,2,61-70,5,4,10
495,20,7,4,4,4,5,2,71-80,5,5,10
496,22,5,5,2,5,4,1,11-20,4,4,10
497,21,8,3,2,4,7,1,61-70,4,3,7
498,20,8,6,3,3,6,1,81-90,3,3,7
499,18,10,4,3,2,10,2,81-90,3,3,7
500,18,10,4,3,2,9,4,81-90,3,3,5
501,19,5,4,5,1,7,2,61-70,5,5,10
502,20,6,5,4,4,7,3,71-80,5,4,10
503,19,6,4,5,3,9,2,71-80,4,3,8
504,19,6,3,1,4,6,2,51-60,5,5,10
505,21,6,5,3,7,7,2,61-70,4,3,7
506,20,5,4,4,4,8,4,41-50,3,2,6
507,20,8,4,4,3,9,4,61-70,4,4,6
508,19,5,4,5,4,5,2,71-80,5,5,10
509,20,6,4,1,8,7,2,61-70,3,4,5
510,19,6,5,5,8,7,1,81-90,4,4,8
511,19,6,7,4,4,5,1,71-80,2,2,6
512,22,5,4,4,6,6,3,61-70,3,3,6
513,37,12,4,5,4,8,3,81-90,5,5,10
514,23,5,5,3,5,5,3,61-70,3,3,6
515,21,7,4,4,6,7,2,91-100,3,4,7
516,20,6,4,4,4,9,2,71-80,5,5,8
517,20,6,4,5,4,8,2,71-80,4,4,8
518,20,7,3,5,4,8,2,81-90,4,4,9
519,20,7,3,2,5,7,1,71-80,1,1,6
520,20,6,4,5,2,8,6,81-90,2,1,7
521,20,6,5,3,3,7,2,71-80,4,4,7
522,20,5,4,5,3,6,1,61-70,5,5,10
523,19,7,4,5,8,7,1,81-90,1,1,2
524,20,6,4,4,3,8,2,71-80,3,2,6
525,20,12,5,5,3,7,1,71-80,1,1,2
526,21,7,6,3,8,8,4,81-90,1,2,5
527,21,14,8,4,3,7,3,71-80,4,5,7
528,20,7,4,4,7,5,4,71-80,4,3,6
529,20,6,4,4,6,9,2,71-80,3,2,6
530,19,6,4,4,3,8,2,81-90,3,3,5
531,20,6,4,4,3,10,4,51-60,5,4,8
532,21,6,4,4,3,7,2,81-90,4,4,8
533,20,7,6,3,8,7,2,81-90,3,3,6
534,20,6,5,4,3,8,2,71-80,4,4,8
535,21,7,3,3,7,5,1,81-90,3,3,6
536,24,15,4,3,6,7,3,81-90,3,3,4
537,20,6,5,5,4,6,4,71-80,3,3,5
538,17,7,4,1,6,6,1,81-90,3,5,6
539,18,6,3,3,3,8,1,71-80,3,4,5
540,18,8,4,5,7,8,1,71-80,2,1,9
541,20,7,4,5,4,8,2,81-90,5,5,9
542,18,7,6,4,5,8,2,51-60,2,3,6
543,18,12,4,4,5,7,1,81-90,4,4,8
544,20,6,4,2,2,8,1,71-80,3,3,9
545,20,7,4,4,3,6,4,71-80,3,3,8
546,21,7,4,4,5,7,3,91-100,3,3,7
547,17,5,6,4,6,8,1,91-100,3,3,5
548,22,6,7,4,3,9,5,41-50,3,4,7
549,17,8,4,3,4,7,2,81-90,4,3,6
550,19,6,4,3,4,10,10,61-70,3,2,6
551,19,5,3,5,6,6,2,81-90,5,5,10
552,20,5,6,5,6,6,2,81-90,3,3,8
553,18,7,4,2,4,8,2,81-90,3,2,6
554,20,6,3,4,7,8,2,81-90,3,2,7
555,20,7,5,3,7,6,1,91-100,4,3,7
556,20,7,3,3,3,5,2,51-60,3,3,6
557,20,7,3,3,4,7,1,71-80,3,3,8
558,18,7,4,3,7,7,2,91-100,3,4,6
559,18,7,4,3,4,6,2,81-90,2,1,4
560,21,7,4,4,6,7,2,81-90,4,3,7
561,20,6,4,3,4,8,2,81-90,1,3,8
562,18,7,4,3,2,7,1,71-80,1,1,3
563,17,8,4,4,7,7,2,81-90,3,4,7
564,18,6,4,2,1,7,4,41-50,2,2,5
565,20,6,4,2,6,7,2,81-90,1,2,5
566,18,14,4,1,6,8,4,81-90,3,4,9
567,17,8,4,3,4,9,2,61-70,1,2,6
568,18,6,4,3,8,8,4,81-90,4,5,9
569,19,8,4,4,3,6,1,81-90,4,3,7
570,18,11,5,1,8,5,1,71-80,1,4,6
571,20,7,4,4,4,6,2,81-90,3,4,8
572,17,8,5,1,8,8,2,71-80,1,1,4
573,20,8,4,4,4,5,2,81-90,3,3,7
574,20,7,9,4,8,7,2,71-80,3,2,7
575,20,7,4,4,2,8,2,81-90,2,2,8
576,22,4,4,4,3,6,2,71-80,3,3,6
577,21,7,4,3,8,5,1,81-90,3,2,6
578,21,8,3,2,8,8,1,81-90,2,2,8
579,20,7,5,5,6,6,2,81-90,4,1,7
580,20,8,4,4,10,7,1,81-90,2,2,6
581,20,7,4,5,4,6,3,91-100,3,3,8
582,20,6,4,4,5,7,3,71-80,3,3,5
583,20,5,5,3,9,5,1,71-80,2,2,5
584,17,6,4,4,5,8,2,91-100,3,3,8
585,18,7,4,4,8,8,1,51-60,1,1,8
586,20,7,4,3,4,7,2,81-90,3,2,4
587,19,6,4,2,8,7,2,71-80,5,5,10
588,19,5,6,1,6,6,1,81-90,1,1,2
589,18,7,4,4,4,7,2,81-90,3,3,6
590,21,11,5,5,5,8,1,71-80,5,5,10
591,18,8,4,5,5,8,1,91-100,5,5,9
592,20,8,4,4,2,7,2,71-80,3,3,9
593,21,7,4,3,7,8,2,81-90,1,1,4
594,19,7,4,4,2,5,2,71-80,3,4,7
595,20,6,4,3,2,8,6,71-80,3,4,6
596,20,6,5,4,3,8,2,71-80,3,4,8
597,19,7,4,2,7,7,1,61-70,3,3,6
598,20,7,5,2,6,7,4,71-80,3,2,6
599,20,6,5,3,1,8,10,71-80,2,4,6
600,20,7,4,3,5,8,6,61-70,3,3,8
601,19,6,4,5,3,8,4,81-90,5,3,8
602,21,7,3,5,5,8,1,71-80,5,5,10
603,18,7,4,2,6,4,1,71-80,4,3,10
604,19,7,5,4,4,6,4,81-90,3,3,9
605,20,8,4,2,4,8,5,81-90,4,4,10
606,21,6,4,3,7,8,3,81-90,3,3,7
607,21,7,4,3,9,8,2,71-80,5,4,9
608,20,6,4,4,6,8,5,81-90,5,5,10
609,19,6,3,4,4,6,4,41-50,3,2,8
610,20,6,4,4,6,7,3,91-100,3,2,4
611,19,6,4,5,5,8,6,51-60,5,5,10
612,21,7,4,2,5,8,2,81-90,3,3,6
613,40,10,3,4,5,6,1,61-70,5,4,10
614,21,7,4,5,5,8,2,81-90,1,1,4
615,21,6,10,3,1,1,10,31-40,2,1,2
616,19,7,4,3,5,4,1,71-80,3,3,6
617,18,6,5,4,2,6,2,61-70,1,1,3
618,19,5,4,3,3,7,1,61-70,4,3,6
619,24,5,5,4,2,6,1,71-80,3,3,7
620,18,8,6,5,5,8,2,71-80,3,3,7
621,19,5,3,3,5,5,2,61-70,2,3,7
622,18,6,4,3,5,7,1,71-80,3,4,8
623,25,6,5,3,3,7,3,61-70,4,4,7
624,18,6,5,2,3,8,2,81-90,2,3,7
625,19,8,4,3,6,7,2,71-80,3,1,6
626,18,12,4,3,8,8,4,71-80,4,4,9
627,17,6,3,3,4,7,1,81-90,3,3,6
628,20,4,4,3,1,6,5,71-80,3,3,8
629,17,7,4,3,2,8,3,81-90,2,3,4
630,17,6,4,2,7,8,2,91-100,3,2,6
631,18,6,4,4,2,5,2,31-40,1,1,3
632,17,8,3,3,4,8,1,91-100,1,2,6
633,19,8,4,3,3,9,2,41-50,2,2,4
634,18,8,4,3,4,6,1,91-100,3,2,5
635,19,6,3,4,4,6,2,71-80,3,3,6
636,19,8,4,4,2,8,3,61-70,4,4,8
637,18,5,4,3,4,7,1,91-100,3,5,8
638,18,13,4,4,4,2,2,71-80,3,2,7
639,18,9,4,5,4,6,1,91-100,4,4,9
640,17,7,6,4,2,7,5,71-80,1,1,5
641,17,7,5,2,4,6,5,81-90,3,3,7
642,18,7,4,3,7,9,1,81-90,3,3,4
643,20,5,4,3,4,7,4,81-90,3,3,7
644,17,8,3,3,3,6,1,61-70,4,4,6
645,18,8,10,2,8,7,2,81-90,1,2,4
646,17,8,4,3,5,8,2,81-90,3,2,8
647,18,7,4,4,4,7,3,81-90,3,2,5
648,18,5,4,3,4,5,3,81-90,3,3,8
649,18,7,4,4,8,8,1,81-90,3,4,8
650,18,7,3,3,3,7,1,81-90,3,3,8
651,17,8,4,4,1,9,3,91-100,2,2,6
652,18,11,4,3,3,8,2,81-90,3,3,6
653,17,8,4,3,2,7,1,81-90,3,3,6
654,17,8,4,4,8,6,2,81-90,3,2,3
655,19,6,10,3,7,7,1,71-80,1,1,8
656,18,12,5,3,4,6,1,71-80,5,4,10
657,17,8,5,4,6,7,2,81-90,4,2,6
658,18,8,4,3,4,6,2,91-100,3,3,6
659,18,8,4,4,4,6,2,81-90,3,4,7
660,17,7,4,3,5,6,1,71-80,3,2,2
661,17,5,5,3,5,6,1,71-80,3,3,6
662,18,7,5,3,6,8,2,81-90,3,3,6
663,20,7,4,3,4,10,6,71-80,2,3,4
664,18,9,5,5,8,8,1,91-100,4,3,8
665,17,7,4,4,3,7,1,81-90,3,4,7
666,17,8,4,3,6,7,2,81-90,3,3,5
667,18,8,4,3,3,5,1,71-80,3,3,6
668,18,6,3,4,3,8,1,71-80,3,5,8
669,18,6,4,4,4,8,1,81-90,4,5,8
670,18,11,4,3,3,8,2,81-90,2,2,4
671,19,8,6,2,4,6,1,71-80,2,1,6
672,19,6,4,5,5,8,3,71-80,3,3,6
673,17,6,3,5,3,7,2,91-100,3,2,6
674,18,7,5,3,6,6,2,81-90,3,4,7
675,20,9,4,4,2,9,3,71-80,3,3,7
676,17,6,4,3,2,7,1,81-90,3,3,6
677,18,8,4,4,8,6,1,81-90,3,3,7
678,18,6,4,4,3,8,2,81-90,3,4,8
679,18,6,4,5,7,9,5,91-100,3,3,7
680,18,7,4,3,2,6,2,61-70,3,3,9
681,17,8,4,3,3,6,2,81-90,3,3,7
682,18,8,5,3,4,6,1,91-100,4,3,7
683,18,6,4,2,6,8,1,91-100,3,3,6
684,18,8,4,4,8,8,1,91-100,3,3,6
685,18,6,4,4,2,8,5,81-90,3,3,7
686,18,5,3,5,3,8,2,71-80,4,5,8
687,18,8,5,3,2,6,3,81-90,3,4,8
688,17,8,4,3,3,6,2,81-90,3,3,6
689,17,8,4,3,8,8,4,81-90,3,3,7
690,18,7,4,4,8,8,2,91-100,5,5,10
691,18,11,4,3,2,7,2,51-60,2,2,4
692,19,7,4,5,5,8,2,81-90,2,2,4
693,17,8,4,4,3,7,2,81-90,1,1,5
694,17,8,4,3,2,6,1,71-80,3,1,5
695,18,6,6,3,3,7,1,81-90,4,4,8
696,17,5,4,4,3,7,2,91-100,4,4,8
697,17,8,4,4,3,7,2,61-70,3,2,6
698,18,8,4,4,4,7,1,81-90,3,3,8
699,17,12,5,3,4,5,1,71-80,4,3,5
700,17,7,4,3,2,10,6,71-80,3,3,7
701,18,8,4,4,3,8,2,81-90,3,4,8
702,18,7,4,2,3,7,1,71-80,1,1,2
703,20,7,2,4,4,8,2,81-90,3,2,6
704,19,7,4,4,9,5,3,81-90,4,3,4
705,18,11,4,3,5,8,6,91-100,1,1,2
706,18,7,3,1,4,8,1,71-80,1,2,7
707,17,11,6,4,2,8,1,81-90,3,3,8
708,17,6,4,3,3,8,1,81-90,3,3,6
709,20,8,6,3,5,7,2,61-70,4,5,8
710,21,7,4,5,2,6,1,91-100,1,2,4
711,17,12,5,2,4,7,2,71-80,2,3,4
712,18,6,6,4,8,7,2,91-100,3,3,5
713,17,11,4,4,5,6,7,51-60,3,3,7
714,17,8,6,5,4,8,2,81-90,2,3,9
715,18,12,5,3,3,6,2,81-90,3,3,6
716,18,8,4,3,3,8,1,91-100,1,1,4
717,17,6,4,2,3,6,2,61-70,2,2,4
718,17,6,4,3,2,8,2,71-80,2,3,6
719,20,8,5,2,4,8,6,81-90,1,1,2
720,17,6,3,1,1,6,1,71-80,1,1,2
721,19,6,4,3,2,6,2,81-90,3,3,5
722,17,6,4,4,8,6,1,71-80,3,3,4
723,17,6,5,4,5,8,1,81-90,2,3,7
724,19,9,6,2,5,6,2,91-100,1,1,5
725,21,8,6,3,4,9,1,51-60,3,2,4
726,17,7,5,3,8,7,2,81-90,3,4,8
727,18,8,6,3,5,7,1,71-80,3,3,5
728,19,6,4,3,5,5,2,31-40,3,3,6
729,20,9,4,3,9,7,3,91-100,4,4,9
730,19,8,4,3,8,8,1,61-70,4,4,7
731,17,12,4,1,2,6,1,81-90,1,1,5
732,17,6,4,4,4,7,6,71-80,3,3,8
733,19,6,4,2,3,6,3,51-60,3,3,5
734,18,20,4,2,9,6,1,71-80,1,2,5
735,19,6,5,3,7,9,1,81-90,3,3,6
736,18,7,6,3,6,7,1,61-70,3,3,6
737,19,6,3,3,10,6,1,81-90,4,4,6
738,19,6,3,2,5,5,1,81-90,3,4,8
739,17,12,4,2,4,8,1,41-50,2,4,7
740,20,7,4,3,2,8,2,71-80,2,2,3
741,18,8,4,3,4,6,1,51-60,4,4,6
742,20,8,10,4,8,7,3,71-80,3,3,4
743,17,8,4,2,3,8,2,71-80,3,3,6
744,17,8,4,2,3,8,2,71-80,2,2,6
745,18,7,3,3,5,8,1,71-80,2,2,5
746,19,6,4,2,4,7,3,91-100,3,3,6
747,17,7,5,4,6,7,1,71-80,2,2,5
748,18,8,5,4,3,7,1,91-100,3,4,7
749,17,8,4,3,8,8,1,81-90,4,4,8
750,17,6,5,3,2,6,1,81-90,3,3,6
751,18,6,6,4,2,7,4,91-100,3,2,5
752,17,7,4,4,6,8,2,71-80,3,3,8
753,18,6,4,2,7,8,2,71-80,2,2,7
754,17,6,5,3,2,6,1,71-80,3,3,6
755,18,6,4,4,4,8,1,81-90,4,4,8
756,20,7,4,4,5,5,2,71-80,3,3,7
757,19,6,4,3,5,7,2,81-90,4,3,8
758,18,8,4,4,3,8,1,61-70,3,3,6
759,21,7,5,3,3,8,2,81-90,1,2,4
760,18,5,5,2,1,8,1,81-90,3,1,6
761,18,6,4,2,1,7,5,41-50,1,1,4
762,18,6,4,4,4,7,1,81-90,4,4,8
763,19,8,4,3,4,8,2,91-100,2,2,4
764,19,6,4,3,3,8,2,81-90,3,3,6
765,18,6,5,3,5,7,6,81-90,4,3,7
766,19,7,4,3,4,8,5,61-70,3,3,5
767,19,6,5,3,3,7,1,71-80,3,2,5
768,21,7,6,4,10,8,1,71-80,4,3,8
769,18,5,4,4,3,8,4,41-50,1,2,8
770,21,7,6,4,10,8,1,71-80,4,4,8
771,18,8,5,3,1,7,2,71-80,3,1,8
772,19,6,4,4,4,6,1,81-90,4,3,8
773,19,5,6,4,3,8,4,71-80,4,4,7
774,19,5,4,4,8,8,2,71-80,3,4,7
775,19,6,4,4,4,8,3,71-80,5,5,8
776,19,7,5,5,10,8,2,91-100,3,3,9
777,18,7,7,2,5,8,2,71-80,4,3,6
778,20,7,4,3,2,8,1,81-90,2,2,7
779,20,7,4,4,6,8,4,71-80,4,5,8
780,19,7,4,4,2,7,1,81-90,4,3,8
781,20,6,4,4,3,6,3,81-90,1,1,6
782,19,7,2,4,1,8,2,71-80,1,1,4
783,18,6,10,3,6,8,4,81-90,3,3,9
784,19,6,6,4,3,8,2,71-80,4,4,9
785,19,7,3,1,2,8,1,71-80,1,1,2
786,19,7,5,3,6,8,1,91-100,2,2,8
787,18,7,5,3,6,7,5,61-70,3,3,7
788,19,6,4,3,2,6,1,81-90,4,4,8
789,18,7,3,5,6,7,2,81-90,5,5,10
790,21,7,4,2,2,8,1,81-90,2,3,7
791,18,7,4,1,3,7,2,71-80,2,2,4
792,18,7,4,3,5,6,2,91-100,3,3,7
793,19,7,5,2,4,4,1,91-100,1,1,6
794,19,7,9,3,10,8,3,81-90,2,1,6
795,19,7,4,3,5,8,3,81-90,4,4,8
796,19,7,5,4,7,9,3,71-80,4,3,8
797,20,7,3,4,3,7,3,61-70,3,3,7
798,18,5,8,3,9,5,2,91-100,3,3,6
799,20,8,6,2,8,6,2,81-90,3,3,6
800,18,5,3,3,3,8,3,71-80,3,3,10
801,20,13,8,2,4,5,2,61-70,3,4,7
802,20,8,5,4,3,6,2,71-80,4,4,7
803,20,13,4,1,5,6,2,71-80,3,2,9
804,18,5,4,4,1,7,2,51-60,4,4,7
805,20,8,5,3,7,8,2,61-70,3,2,8
806,20,7,4,5,4,8,3,51-60,5,5,10
807,21,7,3,4,7,7,4,81-90,2,2,8
808,20,7,4,3,7,7,2,71-80,3,2,7
809,21,7,4,2,3,6,2,61-70,2,2,4
810,20,7,5,3,2,8,4,71-80,3,3,6
811,18,6,4,3,1,8,3,91-100,3,3,7
812,20,7,5,3,2,7,1,71-80,3,3,8
813,20,7,5,3,6,8,4,71-80,3,2,6
814,20,8,4,3,6,6,1,61-70,5,3,7
815,18,6,4,3,4,8,3,71-80,3,3,8
816,23,7,4,4,4,7,4,81-90,4,2,9
817,20,7,3,3,2,8,1,61-70,3,3,7
818,21,7,4,3,7,7,2,71-80,3,3,5
819,17,7,4,3,3,8,4,91-100,2,2,9
820,20,7,7,3,1,9,4,51-60,1,1,3
821,20,8,4,4,1,8,1,71-80,4,5,10
822,19,7,4,3,5,7,3,51-60,4,4,8
823,19,12,4,4,5,8,3,71-80,3,3,6
824,20,13,4,2,3,6,3,71-80,2,3,6
825,21,8,10,4,2,8,1,61-70,3,3,5
826,21,7,6,2,2,6,1,61-70,4,3,8
827,18,5,4,3,1,7,2,51-60,3,4,7
828,20,7,4,2,5,8,2,61-70,4,4,10
829,20,13,3,2,4,7,5,61-70,3,3,5
830,19,13,4,3,2,7,3,61-70,5,3,7
831,18,12,10,5,4,8,2,51-60,5,5,10
832,20,7,4,4,5,7,3,81-90,4,3,7
833,18,6,4,2,4,6,2,71-80,2,2,4
834,19,7,6,5,4,7,10,81-90,5,2,7
835,18,6,4,5,3,7,2,71-80,3,2,7
836,20,7,4,3,4,7,2,71-80,4,4,9
837,19,7,4,3,8,7,2,71-80,4,4,6
838,17,5,3,4,2,7,3,71-80,1,3,3
839,17,12,3,4,3,8,1,61-70,4,4,6
840,19,6,4,2,2,7,1,51-60,1,1,4
841,19,7,5,4,2,7,2,61-70,2,2,5
842,19,7,6,4,1,8,1,71-80,4,3,8
843,18,7,4,2,5,7,3,81-90,3,3,7
844,22,7,8,3,3,8,3,71-80,3,4,7
845,19,6,3,3,6,7,2,61-70,3,4,7
846,20,7,5,4,3,6,1,71-80,3,2,8
847,20,6,4,4,3,8,3,71-80,3,3,6
848,20,7,4,3,5,7,3,71-80,3,4,8
849,18,7,4,2,7,7,3,61-70,3,3,7
850,19,6,4,3,2,7,2,71-80,1,2,8
851,20,8,4,5,5,2,2,61-70,3,5,8
852,19,20,4,4,2,8,1,81-90,3,2,5
853,18,7,4,3,3,8,5,71-80,2,3,6
854,20,5,10,4,4,7,5,61-70,4,4,8
855,19,8,5,5,4,7,5,71-80,3,3,8
856,20,5,5,4,6,8,1,81-90,3,3,5
857,18,5,6,3,6,5,1,71-80,3,5,10
858,21,8,4,5,6,6,2,71-80,5,5,8
859,19,7,4,4,4,7,2,91-100,3,4,8
860,21,8,5,4,6,7,3,71-80,4,3,6
861,20,20,4,4,6,8,2,71-80,4,4,8
862,19,7,4,3,4,5,2,71-80,3,3,7
863,19,7,5,3,3,7,2,71-80,3,3,6
864,19,7,5,3,6,1,2,71-80,3,3,7
865,20,8,5,4,3,6,3,71-80,1,2,7
866,19,6,4,5,4,6,3,71-80,3,3,6
867,18,5,4,4,4,6,5,71-80,5,5,8
868,20,8,5,4,2,6,1,71-80,4,3,8
869,19,7,4,3,5,6,1,81-90,4,4,8
870,19,5,5,2,2,8,1,81-90,2,1,7
871,18,5,4,1,1,10,10,81-90,1,1,6
872,19,7,3,3,4,6,3,81-90,3,3,6
873,18,7,4,4,5,8,2,71-80,4,4,8
874,20,7,4,4,9,8,3,71-80,3,4,8
875,19,6,3,2,2,8,4,71-80,1,1,5
876,19,7,4,3,5,6,4,81-90,3,3,6
877,17,7,3,4,2,6,1,51-60,3,3,6
878,17,8,3,4,2,6,2,51-60,2,2,8
879,22,5,3,3,4,8,7,71-80,3,3,6
880,22,6,6,3,4,6,3,71-80,3,3,6
881,28,4,6,3,5,6,1,71-80,4,4,8
882,24,5,5,4,2,8,1,61-70,3,3,6
883,22,6,4,3,5,8,3,61-70,3,2,7
884,25,5,5,1,4,8,2,61-70,3,3,6
885,21,20,4,5,1,8,10,41-50,1,1,2
886,26,9,6,4,1,5,10,61-70,2,1,4
887,21,20,4,4,5,8,1,91-100,3,3,8
888,18,6,4,4,2,6,2,71-80,4,4,10
889,18,12,3,4,6,7,1,71-80,2,2,7
890,19,6,4,3,1,6,3,71-80,3,1,7
891,18,8,3,3,4,9,1,91-100,4,4,8
892,17,5,4,1,3,5,2,51-60,1,1,2
893,18,5,6,3,4,8,3,91-100,3,5,10
894,17,5,6,4,6,7,2,91-100,2,2,9
895,17,5,4,5,4,8,2,41-50,5,5,10
896,17,5,4,3,4,6,2,81-90,1,1,8
897,18,5,4,5,5,8,1,41-50,5,5,10
898,18,8,4,5,8,8,1,81-90,5,5,10
899,17,5,4,3,5,7,1,81-90,3,4,8
900,17,6,4,5,4,8,2,41-50,5,5,10
901,18,6,4,5,4,8,2,81-90,3,3,4
902,17,6,4,5,5,8,2,41-50,5,5,10
903,18,6,3,3,8,8,1,71-80,3,4,6
904,18,8,5,1,8,8,1,81-90,5,4,10
905,17,6,2,4,2,5,2,41-50,2,1,3
906,17,5,4,3,1,10,10,21-30,5,1,6
907,18,10,4,2,6,6,1,61-70,5,3,10
908,18,5,3,4,4,7,2,71-80,5,4,9
909,17,5,4,3,3,8,2,81-90,2,2,4
910,17,7,4,5,4,5,4,71-80,5,5,7
911,18,5,6,4,5,7,1,71-80,5,5,10
912,18,7,5,4,6,7,1,81-90,4,4,7
913,17,7,4,4,8,8,3,91-100,1,2,2
914,18,7,4,3,5,8,2,81-90,3,3,8
915,18,8,4,3,2,8,1,81-90,3,3,6
916,17,5,4,5,3,8,1,71-80,4,4,7
917,18,7,5,3,5,8,2,61-70,4,4,6
918,19,5,4,3,3,7,3,81-90,1,1,4
919,17,7,4,4,5,9,3,91-100,3,3,9
920,18,5,4,1,1,7,1,91-100,1,1,5
921,18,5,3,2,1,6,1,81-90,2,1,5
922,18,5,6,3,4,6,1,91-100,5,4,6
923,17,5,5,3,1,7,1,91-100,2,2,4
924,17,5,4,3,4,8,2,81-90,3,4,7
925,18,7,5,2,2,7,2,91-100,3,4,5
926,18,5,6,5,6,6,1,91-100,3,3,6
927,17,5,6,5,4,7,2,41-50,4,4,10
928,18,7,5,5,2,7,1,0-10,2,2,5
929,17,5,4,3,1,6,5,71-80,4,1,4
930,18,5,4,5,3,6,2,81-90,2,2,5
931,18,5,6,2,6,7,1,91-100,3,2,3
932,18,4,4,4,1,8,10,51-60,1,1,4
933,18,4,6,5,10,7,2,81-90,3,3,9
934,19,6,6,3,6,6,4,71-80,2,3,7
935,17,7,4,4,2,8,3,91-100,2,2,3
936,23,5,5,4,3,7,4,61-70,3,2,5
937,21,6,10,3,4,6,3,71-80,4,3,8
938,21,5,4,5,1,8,4,81-90,4,1,7
939,21,5,4,4,4,10,3,81-90,4,4,8
940,18,6,4,5,8,8,1,81-90,2,3,8
941,19,11,4,5,3,10,8,81-90,1,2,10
942,19,11,4,2,1,6,1,61-70,2,1,6
943,20,6,4,4,4,6,1,91-100,4,3,7
944,18,10,4,4,8,8,3,81-90,4,4,9
945,21,12,9,5,3,8,2,61-70,5,5,10
946,19,9,2,3,2,7,1,71-80,5,4,10
947,19,18,4,5,10,8,1,71-80,5,5,9
948,19,6,4,4,7,6,1,71-80,2,3,7
949,20,5,4,5,6,6,1,71-80,2,2,6
950,19,5,4,3,3,9,1,71-80,1,2,7
951,20,8,4,4,4,8,3,81-90,2,2,10
952,19,6,4,3,6,8,2,81-90,1,1,2
953,20,8,4,4,5,8,3,91-100,2,3,10
954,20,6,6,4,4,7,1,81-90,4,1,6
955,20,6,4,5,5,8,4,71-80,3,1,2
956,22,6,6,1,1,7,2,71-80,2,2,3
957,20,6,6,3,4,7,3,81-90,2,2,5
958,20,6,4,2,10,4,1,71-80,1,1,3
959,19,6,4,3,4,8,4,81-90,1,1,4
960,22,6,4,3,4,10,5,81-90,4,3,8
961,22,6,4,4,5,5,3,71-80,2,1,8
962,19,6,4,3,1,10,10,31-40,1,2,2
963,21,6,6,3,4,6,2,81-90,1,1,6
964,19,5,4,5,1,8,5,81-90,2,1,5
965,18,7,6,5,4,6,7,81-90,4,5,10
966,18,1,4,4,6,8,1,91-100,1,1,6
967,19,11,4,3,7,7,5,81-90,1,1,9
968,19,18,5,5,4,7,2,91-100,2,2,8
969,18,11,4,3,3,8,5,81-90,3,3,6
970,19,6,4,3,4,7,4,91-100,1,1,2
971,20,7,5,5,4,7,3,91-100,5,5,9
972,20,6,4,3,2,10,2,91-100,2,1,4
973,20,6,4,1,4,7,1,91-100,1,1,2
974,21,5,5,3,3,8,2,91-100,2,2,5
975,20,10,4,4,1,8,2,81-90,3,3,9
976,18,5,5,4,5,6,2,81-90,4,3,9
977,20,6,4,3,2,9,3,71-80,3,2,7
978,20,6,4,5,2,10,4,91-100,2,1,8
979,30,2,8,5,4,6,2,71-80,3,3,7
980,21,7,4,3,7,8,1,61-70,3,3,6
981,19,12,4,4,3,6,1,81-90,4,4,8
982,21,6,5,3,5,8,6,71-80,3,2,7
983,20,7,5,4,2,5,1,81-90,3,1,3
984,21,7,5,5,6,8,1,71-80,5,5,10
985,20,7,4,5,4,8,2,51-60,5,5,9
986,20,5,4,4,5,6,2,61-70,3,2,8
987,20,6,4,4,3,7,4,71-80,4,3,8
988,19,7,4,4,6,7,4,81-90,2,3,6
989,17,5,5,4,5,6,1,81-90,3,3,7
990,19,5,4,4,5,9,5,91-100,3,2,7
991,22,4,4,3,3,7,1,71-80,3,4,4
992,21,5,3,3,1,8,2,51-60,3,4,6
993,21,6,4,3,3,7,1,61-70,3,3,4
994,21,4,4,3,5,7,2,71-80,4,4,9
995,23,5,2,3,8,8,2,71-80,2,2,5
996,22,3,5,2,3,8,1,81-90,5,5,10
997,34,8,6,3,2,7,1,71-80,3,3,7
998,32,3,4,3,2,8,1,71-80,2,2,4
999,39,4,4,5,5,7,1,61-70,5,5,7
1000,20,2,3,3,1,7,3,11-20,1,1,2
1001,39,7,4,5,6,8,2,81-90,5,5,10
1002,26,5,5,2,4,9,7,81-90,1,2,4
1003,40,5,4,3,7,7,7,61-70,3,3,6
1004,35,3,4,5,3,4,1,91-100,5,5,10
1005,34,2,3,4,7,6,2,71-80,5,5,10
1006,29,3,3,3,3,9,2,71-80,3,4,7
1007,40,9,5,5,5,7,6,21-30,5,4,9
1008,37,2,4,3,2,7,1,71-80,4,3,6
1009,40,5,3,4,6,5,5,41-50,4,4,9
1010,36,2,6,4,2,5,1,51-60,4,4,8
1011,25,3,4,5,2,5,7,41-50,3,3,5
1012,40,2,2,5,2,8,3,71-80,5,5,10
1013,36,6,7,4,7,7,7,51-60,4,4,8
1014,40,7,4,4,3,7,1,91-100,3,2,7
1015,40,2,3,5,2,9,1,51-60,3,3,6
1016,21,5,5,2,5,8,2,41-50,3,2,6
1017,20,3,3,2,4,6,2,71-80,3,3,5
1018,20,3,3,5,4,6,2,71-80,2,2,4
1019,21,6,3,2,5,6,1,71-80,3,3,7
1020,20,3,6,4,2,7,2,81-90,4,3,7
1021,20,3,4,4,2,7,1,71-80,1,1,8
1022,21,3,4,5,2,7,2,51-60,4,4,8
1023,19,5,4,2,8,7,4,71-80,4,4,8
1024,20,5,6,3,8,7,4,71-80,4,4,8
1025,21,6,4,5,6,6,3,71-80,5,5,10
1026,21,6,5,5,8,7,5,71-80,5,5,10
1027,20,3,4,4,4,6,1,71-80,3,3,5
1028,19,3,6,5,4,8,4,91-100,4,4,8
1029,20,6,3,1,3,7,2,71-80,5,5,10
1030,20,3,3,2,3,6,3,71-80,2,2,6
1031,19,6,2,3,4,6,2,61-70,3,3,6
1032,20,6,4,3,5,7,1,81-90,5,4,10
